threshold,accuracy,attack_precision,attack_recall,attack_f1,roc_auc,pr_auc,fpr,fp,tn,fn,tp,normal_windows,attack_windows,dos_recall,fdi_recall,alerts_per_1k_normals,raw_false_triggers_per_day,mean_seconds_between_raw_false_triggers,model,seed,target_fpr_budget,target_fpr_budget_pct,threshold_percentile,validation_windows,expected_validation_exceedances
0.11828633397817612,0.8889450160175457,0.9995367106455837,0.7409918317977511,0.8510616403114603,0.8940775315490083,0.9131717208569967,0.000257201646090535,23,89401,17345,49622,89424,66967,0.7327282057861313,0.7481907848780351,0.257201646090535,222.22222222222223,388.8,Dense AE,67,0.0001,0.01,99.99,47447,4.7447
0.11310020834207535,0.8890729006144855,0.9993358156385227,0.7414398136395538,0.8512841614374379,0.8940775315490083,0.9131717208569967,0.0003690284487385937,33,89391,17315,49652,89424,66967,0.7328885752774392,0.7488893235351645,0.3690284487385937,318.84057971014494,270.9818181818182,Dense AE,67,0.0002,0.02,99.98,47447,9.4894
0.10890497267246246,0.8893734294172938,0.9991557788944724,0.7422760464109188,0.8517696650873481,0.8940775315490083,0.9131717208569967,0.0004696725711218465,42,89382,17259,49708,89424,66967,0.7333055359548399,0.7500908100254268,0.4696725711218465,405.7971014492754,212.9142857142857,Dense AE,67,0.0005,0.05,99.95,47447,23.7235
0.09527488797903061,0.8904732369509755,0.998699167467179,0.7451879283826363,0.8535169111044597,0.8940775315490083,0.9131717208569967,0.0007268742172123815,65,89359,17064,49903,89424,66967,0.735839373917506,0.7533320293945067,0.7268742172123815,628.0193236714977,137.57538461538462,Dense AE,67,0.001,0.1,99.9,47447,47.447
0.08386372774839401,0.8925641501109399,0.9974613752206422,0.751011692326071,0.8568678229461274,0.8940775315490083,0.9131717208569967,0.0014313830738951511,128,89296,16674,50293,89424,66967,0.7415485278080698,0.759255637206963,1.4313830738951512,1236.7149758454107,69.86250000000001,Dense AE,67,0.002,0.2,99.8,47447,94.894
0.05167647451162338,0.892468236663235,0.9912236022411158,0.7555661743843983,0.8574987501376967,0.8940775315490083,0.9131717208569967,0.0050098407586330294,448,88976,16369,50598,89424,66967,0.7453653217011995,0.7644527648160049,5.00984075863303,4328.502415458937,19.960714285714285,Dense AE,67,0.005,0.5,99.5,47447,237.235
0.03953295946121216,0.890198285067555,0.9823881580222037,0.7571490435587678,0.855186372069489,0.8940775315490083,0.9131717208569967,0.010165056360708535,909,88515,16263,50704,89424,66967,0.7469690166142793,0.7660174914079745,10.165056360708535,8782.608695652174,9.837623762376237,Dense AE,67,0.01,1.0,99.0,47447,474.47
0.025197235867381096,0.8844818435843494,0.9627884087596768,0.7595830782325623,0.8491986644407346,0.8940775315490083,0.9131717208569967,0.021985149400608337,1966,87458,16100,50867,89424,66967,0.7497273718647764,0.7681689904719328,21.985149400608336,18995.1690821256,4.54852492370295,Dense AE,67,0.02,2.0,98.0,47447,948.94
0.017040370032191277,0.8673517018242738,0.908004378221877,0.7680350023145729,0.8321751300450607,0.8940775315490083,0.9131717208569967,0.058272946859903384,5211,84213,15534,51433,89424,66967,0.7586118416832381,0.7762440973483472,58.272946859903385,50347.82608695652,1.7160621761658033,Dense AE,67,0.05,5.0,95.0,47447,2372.35
0.010013666935265064,0.8415765613110728,0.8336153590688407,0.7871339615034271,0.8097081413210445,0.8940775315490083,0.9131717208569967,0.11765297906602254,10521,78903,14255,52712,89424,66967,0.7794278016550131,0.7938472715080053,117.65297906602254,101652.17391304347,0.8499572284003423,Dense AE,67,0.1,10.0,90.0,47447,4744.7
0.17611868077169868,0.5735176576657225,0.9686411149825784,0.004151298400704825,0.008267166265203556,0.873666591496051,0.8680601853899479,0.00010064412238325282,9,89415,66689,278,89424,66967,0.007473218294951569,0.0012573695828327139,0.10064412238325282,86.95652173913044,993.6,Isolation Forest,67,0.0001,0.01,99.99,47447,4.7447
0.17469547556564025,0.5736647249522031,0.9620253164556962,0.0045395493302671465,0.00903645794628658,0.873666591496051,0.8680601853899479,0.00013419216317767042,12,89412,66663,304,89424,66967,0.0078901789723523,0.0016206096845399424,0.13419216317767044,115.94202898550725,745.2,Isolation Forest,67,0.0002,0.02,99.98,47447,9.4894
0.17247958741235667,0.5738693403073067,0.9402173913043478,0.005166723908790897,0.010276973342244004,0.873666591496051,0.8680601853899479,0.0002460189658257291,22,89402,66621,346,89424,66967,0.008659952530630573,0.002123557517673028,0.2460189658257291,212.56038647342993,406.4727272727273,Isolation Forest,67,0.0005,0.05,99.95,47447,23.7235
0.168842514218706,0.5743616960055247,0.9066937119675457,0.006674929442859916,0.013252297657871332,0.873666591496051,0.8680601853899479,0.00051440329218107,46,89378,66520,447,89424,66967,0.010488164731541471,0.0033529855542205706,0.51440329218107,444.44444444444446,194.4,Isolation Forest,67,0.001,0.1,99.9,47447,47.447
0.1598464389950609,0.5767978975772263,0.8840864440078585,0.013439455254080367,0.026476428623961167,0.873666591496051,0.8680601853899479,0.0013195562712470924,118,89306,66067,900,89424,66967,0.01796138302649304,0.009500125736958282,1.3195562712470925,1140.0966183574878,75.78305084745763,Isolation Forest,67,0.002,0.2,99.8,47447,94.894
0.11155713861572664,0.5922207799681567,0.8939319190922546,0.05411620648976361,0.1020543219611101,0.873666591496051,0.8680601853899479,0.004808552513866524,430,88994,63343,3624,89424,66967,0.07989608056963243,0.03165777194109922,4.808552513866524,4154.589371980676,20.796279069767444,Isolation Forest,67,0.005,0.5,99.5,47447,237.235
0.07966456029977169,0.6713429800947625,0.9463814657644225,0.2464348111756537,0.3910431846454594,0.873666591496051,0.8680601853899479,0.010455806047593488,935,88489,50464,16503,89424,66967,0.3494130476618128,0.1567241331135265,10.455806047593487,9033.816425120773,9.564064171122995,Isolation Forest,67,0.01,1.0,99.0,47447,474.47
0.053848503726487126,0.8784584790684886,0.9633809348972927,0.7444562247076918,0.8398867886384312,0.873666591496051,0.8680601853899479,0.021191179101807123,1895,87529,17113,49854,89424,66967,0.7473539033934185,0.7419318785101567,21.191179101807123,18309.178743961354,4.7189445910290235,Isolation Forest,67,0.02,2.0,98.0,47447,948.94
0.012215654391190664,0.8669488653439137,0.9124358905627334,0.7624501620200994,0.8307274295104372,0.873666591496051,0.8680601853899479,0.05479513329754876,4900,84524,15908,51059,89424,66967,0.7532234267752903,0.7704881388136019,54.79513329754876,47342.995169082125,1.8249795918367346,Isolation Forest,67,0.05,5.0,95.0,47447,2372.35
-0.02105844581628557,0.8418003593557174,0.8465237657563025,0.7701853151552257,0.80655224989249,0.873666591496051,0.8680601853899479,0.10456924315619968,9351,80073,15390,51577,89424,66967,0.7610494579511193,0.7781441224957389,104.56924315619969,90347.82608695653,0.9563041385948027,Isolation Forest,67,0.1,10.0,90.0,47447,4744.7
0.7412146868212339,0.8890984775338734,0.9995771670190274,0.741320351815073,0.8512929556210989,0.8353293268729098,0.8803858463925389,0.00023483628556092325,21,89403,17323,49644,89424,66967,0.7326319840913464,0.7488893235351645,0.23483628556092326,202.8985507246377,425.8285714285714,One-Class SVM,67,0.0001,0.01,99.99,47447,4.7447
0.7205073379321971,0.8890729006144855,0.9993559165106777,0.7414248809114937,0.8512816116588084,0.8353293268729098,0.8803858463925389,0.0003578457684737878,32,89392,17316,49651,89424,66967,0.7326961318878696,0.7490290312665903,0.3578457684737878,309.17874396135267,279.45000000000005,One-Class SVM,67,0.0002,0.02,99.98,47447,9.4894
0.7068204623862042,0.8892583332800481,0.9991956241956242,0.741977391849717,0.8515874716140366,0.8353293268729098,0.8803858463925389,0.00044730721059223476,40,89384,17279,49688,89424,66967,0.7333376098531016,0.7495040375534382,0.44730721059223477,386.47342995169083,223.56,One-Class SVM,67,0.0005,0.05,99.95,47447,23.7235
0.696271851818221,0.8898785735752057,0.9989568496860519,0.7436050592082668,0.8525715655389673,0.8353293268729098,0.8803858463925389,0.0005814993737699052,52,89372,17170,49797,89424,66967,0.7351337481557508,0.7509849395065523,0.5814993737699052,502.4154589371981,171.96923076923076,One-Class SVM,67,0.001,0.1,99.9,47447,47.447
0.6602793748183954,0.8919503040456292,0.9976740949843945,0.7494138904236415,0.8559051760893664,0.8353293268729098,0.8803858463925389,0.0013083735909822866,117,89307,16781,50186,89424,66967,0.7408429020463148,0.7568806057727234,1.3083735909822867,1130.4347826086955,76.43076923076924,One-Class SVM,67,0.002,0.2,99.8,47447,94.894
0.1879286964936958,0.8926472750989507,0.9919218854162581,0.7554467125599176,0.8576829506056676,0.8353293268729098,0.8803858463925389,0.004607264269100018,412,89012,16377,50590,89424,66967,0.745333247802938,0.7642571739920088,4.6072642691000185,3980.676328502416,21.70485436893204,One-Class SVM,67,0.005,0.5,99.5,47447,237.235
0.07411440096337697,0.8869052566963572,0.9725557132446013,0.7572535726551883,0.8515057636282732,0.8353293268729098,0.8803858463925389,0.0160024154589372,1431,87993,16256,50711,89424,66967,0.7470973122073257,0.7661013160468301,16.0024154589372,13826.08695652174,6.249056603773584,One-Class SVM,67,0.01,1.0,99.0,47447,474.47
0.03584819040734652,0.8574917994002212,0.8924668845086259,0.7585975181805964,0.8201050940761488,0.8353293268729098,0.8803858463925389,0.06844918590087672,6121,83303,16166,50801,89424,66967,0.7484444159343127,0.7674425102685183,68.44918590087671,59140.096618357486,1.4609377552687473,One-Class SVM,67,0.02,2.0,98.0,47447,948.94
0.007598585705350646,0.8125787289549911,0.7929060360920971,0.7610912837666314,0.776672990620738,0.8353293268729098,0.8803858463925389,0.14886383968509573,13312,76112,15999,50968,89424,66967,0.7516197318622105,0.7693425354159099,148.86383968509574,128618.35748792271,0.6717548076923077,One-Class SVM,67,0.05,5.0,95.0,47447,2372.35
-0.0034341267542135467,0.7809720508213388,0.7358849742576542,0.7619723147221766,0.7487014701998416,0.8353293268729098,0.8803858463925389,0.2047996063696547,18314,71110,15940,51027,89424,66967,0.7527743921996279,0.7699851909804689,204.7996063696547,176946.85990338164,0.48828218848968,One-Class SVM,67,0.1,10.0,90.0,47447,4744.7
0.2374514639377594,0.8883615167819626,0.999311448186476,0.7393617021276596,0.8499039778158614,0.8828312911514496,0.9050299807196477,0.000380398299395838,34,89346,17395,49345,89380,66740,0.7318211068211068,0.7459338194054963,0.38039829939583797,328.664130678004,262.8823529411765,LSTM AE,67,0.0001,0.01,99.99,47420,4.742
0.23573586344718933,0.8883807327696643,0.999230613484511,0.73946658675457,0.8499440282442091,0.8828312911514496,0.9050299807196477,0.0004251510405012307,38,89342,17388,49352,89380,66740,0.7318854568854569,0.7460740325294447,0.4251510405012307,367.3304989930633,235.21052631578948,LSTM AE,67,0.0002,0.02,99.98,47420,9.484
0.2321162074804306,0.8887458365359979,0.9990498332154049,0.7404554989511537,0.850531388494471,0.8828312911514496,0.9050299807196477,0.0005258447079883643,47,89333,17322,49418,89380,66740,0.7326576576576577,0.7472518227706113,0.5258447079883642,454.3298277019467,190.17021276595747,LSTM AE,67,0.0005,0.05,99.95,47420,23.71
0.21016453206539154,0.8898539584934666,0.9986312399355878,0.7433623014683848,0.8522934203745061,0.8828312911514496,0.9050299807196477,0.000760796598791676,68,89312,17128,49612,89380,66740,0.7348455598455599,0.7507851934941111,0.7607965987916759,657.328261356008,131.44117647058826,LSTM AE,67,0.001,0.1,99.9,47420,47.42
0.18425142765045166,0.8898795798104022,0.9967317640453944,0.7448456697632604,0.8525734474419882,0.8828312911514496,0.9050299807196477,0.0018236742000447526,163,89217,17029,49711,89380,66740,0.7354890604890605,0.7530005608524958,1.8236742000447526,1575.6545088386663,54.834355828220865,LSTM AE,67,0.002,0.2,99.8,47420,94.84
0.16708844900131226,0.8887522418652318,0.9909510361560797,0.746583757866347,0.8515834629385928,0.8828312911514496,0.9050299807196477,0.0050906243007384205,455,88925,16913,49827,89380,66740,0.736936936936937,0.7549915872125631,5.090624300738421,4398.299395837996,19.643956043956045,LSTM AE,67,0.005,0.5,99.5,47420,237.1
0.15833038091659546,0.8889315910837817,0.9823653478108034,0.7537159124962541,0.8529835687518017,0.8828312911514496,0.9050299807196477,0.010102931304542402,903,88477,16437,50303,89380,66740,0.7440797940797941,0.7621144139091419,10.102931304542402,8728.932647124635,9.898117386489481,LSTM AE,67,0.01,1.0,99.0,47420,474.2
0.1502579003572464,0.8842108634383807,0.9679404581033522,0.7541204674857657,0.8477559648635219,0.8828312911514496,0.9050299807196477,0.01865070485567241,1667,87713,16410,50330,89380,66740,0.7443693693693694,0.7626191811553561,18.65070485567241,16114.208995300962,5.361727654469107,LSTM AE,67,0.02,2.0,98.0,47420,948.4
0.13432134687900543,0.86688444786062,0.9187440775566732,0.7554240335630806,0.8291178792264176,0.8828312911514496,0.9050299807196477,0.04988811814723652,4459,84921,16323,50417,89380,66740,0.745945945945946,0.763684800897364,49.88811814723652,43103.33407921235,2.00448531060776,LSTM AE,67,0.05,5.0,95.0,47420,2371.0
0.09941211342811584,0.8445106328465283,0.8482393268931131,0.7749175906502846,0.8099224029253549,0.8828312911514496,0.9050299807196477,0.10352427836204968,9253,80127,15022,51718,89380,66740,0.7657657657657657,0.782893998878295,103.52427836204969,89444.97650481093,0.9659569869231601,LSTM AE,67,0.1,10.0,90.0,47420,4742.0
759.983901281682,0.8189026222736603,0.9994571819991211,0.5773888631714128,0.7319363204421981,0.872570712959855,0.8983998159318713,0.00023483628556092325,21,89403,28301,38666,89424,66967,0.7327602796843928,0.4420352622314119,0.23483628556092326,202.8985507246377,425.8285714285714,Hybrid AE,67,0.0001,0.01,99.99,47447,4.7447
554.7034816479613,0.8572552128958828,0.9995300436388049,0.6669553660758284,0.8000573209615591,0.872570712959855,0.8983998159318713,0.00023483628556092325,21,89403,22303,44664,89424,66967,0.7329206491757008,0.6094889491184442,0.23483628556092326,202.8985507246377,425.8285714285714,Hybrid AE,67,0.0002,0.02,99.98,47447,9.4894
431.6303530406023,0.8719107877051748,0.9995104403907963,0.7012110442456733,0.8242005125144803,0.872570712959855,0.8983998159318713,0.000257201646090535,23,89401,20009,46958,89424,66967,0.7331130925652704,0.6734192070189164,0.257201646090535,222.22222222222223,388.8,Hybrid AE,67,0.0005,0.05,99.95,47447,23.7235
200.52340506904386,0.8873400643259522,0.9990695792880259,0.7375871698000508,0.8486431228362555,0.872570712959855,0.8983998159318713,0.00051440329218107,46,89378,17573,49394,89424,66967,0.7356469305279364,0.7392774316130655,0.51440329218107,444.44444444444446,194.4,Hybrid AE,67,0.001,0.1,99.9,47447,47.447
91.02044315478912,0.8900448235512274,0.996508449552084,0.74583003568922,0.853136102760317,0.872570712959855,0.8983998159318713,0.001956969046341027,175,89249,17021,49946,89424,66967,0.7376034383218937,0.7529967308390846,1.9569690463410272,1690.8212560386476,51.09942857142857,Hybrid AE,67,0.002,0.2,99.8,47447,94.894
51.52462241856849,0.892046217493334,0.990788648479147,0.7549091343497544,0.8569128153842243,0.872570712959855,0.8983998159318713,0.0052558597244587585,470,88954,16413,50554,89424,66967,0.7450445827185836,0.7635027522423091,5.255859724458759,4541.062801932368,19.026382978723404,Hybrid AE,67,0.005,0.5,99.5,47447,237.235
31.830507281689133,0.889277515969589,0.980620680308985,0.7563725416996431,0.85402124430956,0.872570712959855,0.8983998159318713,0.011193862945070675,1001,88423,16315,50652,89424,66967,0.746038873564693,0.7653748358434156,11.193862945070675,9671.497584541063,8.933466533466534,Hybrid AE,67,0.01,1.0,99.0,47447,474.47
19.936859521091026,0.8824484784930079,0.9582005092898236,0.7585676527244762,0.8467770165524828,0.872570712959855,0.8983998159318713,0.024780819466809805,2216,87208,16168,50799,89424,66967,0.7484123420360511,0.7674145687222331,24.780819466809806,21410.62801932367,4.035379061371842,Hybrid AE,67,0.02,2.0,98.0,47447,948.94
13.0529966240214,0.8654781924791068,0.9078444953558172,0.7633311929756447,0.8293395200934504,0.872570712959855,0.8983998159318713,0.05802692789407765,5189,84235,15849,51118,89424,66967,0.7540573481300917,0.7714102098410126,58.02692789407765,50135.26570048309,1.723337830025053,Hybrid AE,67,0.05,5.0,95.0,47447,2372.35
8.55583200511517,0.8366210331796586,0.8358635007136369,0.7695730733047621,0.8013496808502367,0.872570712959855,0.8983998159318713,0.11316872427983539,10120,79304,15431,51536,89424,66967,0.7606324972737186,0.7773617591997541,113.16872427983539,97777.77777777778,0.8836363636363637,Hybrid AE,67,0.1,10.0,90.0,47447,4744.7
0.18019287288188934,0.8884782372387158,0.9993345700919504,0.7400510699299655,0.850367624979624,0.8927883099699461,0.9115760378780077,0.0003690284487385937,33,89391,17408,49559,89424,66967,0.7325357623965617,0.7465981167397804,0.3690284487385937,318.84057971014494,270.9818181818182,Dense AE,68,0.0001,0.01,99.99,47447,4.7447
0.17877137660980225,0.8885102083879507,0.9993346371756356,0.7401257335702659,0.8504169383343056,0.8927883099699461,0.9115760378780077,0.0003690284487385937,33,89391,17403,49564,89424,66967,0.7325678362948232,0.746709882924921,0.3690284487385937,318.84057971014494,270.9818181818182,Dense AE,68,0.0002,0.02,99.98,47447,9.4894
0.17532336711883545,0.8887276122027482,0.999254618344447,0.7406931772365494,0.850762396446152,0.8927883099699461,0.9115760378780077,0.0004137591697978171,37,89387,17365,49602,89424,66967,0.7332093142600552,0.7472128307580541,0.41375916979781713,357.48792270531396,241.6864864864865,Dense AE,68,0.0005,0.05,99.95,47447,23.7235
0.15105699002742767,0.8900831889303092,0.9986775932196598,0.7442919646990309,0.8529210445258223,0.8927883099699461,0.9115760378780077,0.0007380568974771874,66,89358,17124,49843,89424,66967,0.7354544871383668,0.7519908351728185,0.7380568974771874,637.6811594202899,135.4909090909091,Dense AE,68,0.001,0.1,99.9,47447,47.447
0.12782616913318634,0.889782660127501,0.9963073852295409,0.7453671211193573,0.8527595308669395,0.8927883099699461,0.9115760378780077,0.0020687958489890856,185,89239,17052,49915,89424,66967,0.7356790044261979,0.7538070356813547,2.068795848989086,1787.43961352657,48.337297297297305,Dense AE,68,0.002,0.2,99.8,47447,94.894
0.10411100834608078,0.8898210255065828,0.9913459258673832,0.7492346976869204,0.8534517218210735,0.8927883099699461,0.9115760378780077,0.0048980139559849705,438,88986,16793,50174,89424,66967,0.7388863942523575,0.7582497415406969,4.898013955984971,4231.884057971015,20.416438356164385,Dense AE,68,0.005,0.5,99.5,47447,237.235
0.09102877229452133,0.8896931409096431,0.9835998599276293,0.7549837979900548,0.8542608284263616,0.8927883099699461,0.9115760378780077,0.009426999463231348,843,88581,16408,50559,89424,66967,0.7450766566168452,0.7636145184274498,9.426999463231347,8144.927536231884,10.607829181494662,Dense AE,68,0.01,1.0,99.0,47447,474.47
0.08324019610881805,0.8842644397695519,0.9668672972198338,0.7556109725685786,0.848284186350606,0.8927883099699461,0.9115760378780077,0.019390767579173376,1734,87690,16366,50601,89424,66967,0.7458785040733851,0.7640895247142977,19.390767579173374,16753.623188405796,5.157093425605537,Dense AE,68,0.02,2.0,98.0,47447,948.94
0.07669346034526825,0.8683811728296386,0.9226395495052212,0.7560141562262009,0.8310571240971766,0.8927883099699461,0.9115760378780077,0.047470477724100915,4245,85179,16339,50628,89424,66967,0.7464237603438322,0.7643689401771494,47.47047772410092,41014.49275362319,2.1065724381625444,Dense AE,68,0.05,5.0,95.0,47447,2372.35
0.04590070620179176,0.847958002698365,0.850486098712934,0.7824898830767393,0.8150723285114325,0.8927883099699461,0.9115760378780077,0.10301485059939167,9212,80212,14566,52401,89424,66967,0.7733979087818333,0.7904104613149292,103.01485059939166,89004.8309178744,0.9707338254450717,Dense AE,68,0.1,10.0,90.0,47447,4744.7
0.1578549667688145,0.5733194365404659,0.9877049180327869,0.003598787462481521,0.007171445150347414,0.8684392799434788,0.8542065082035605,3.3548040794417606e-05,3,89421,66726,241,89424,66967,0.007537366091474758,0.00016764927771102854,0.03354804079441761,28.985507246376812,2980.8,Isolation Forest,68,0.0001,0.01,99.99,47447,4.7447
0.15770291396615865,0.5733705903792418,0.9880952380952381,0.003718249286962235,0.007408619586723991,0.8684392799434788,0.8542065082035605,3.3548040794417606e-05,3,89421,66718,249,89424,66967,0.007697735582782732,0.00025147391656654277,0.03354804079441761,28.985507246376812,2980.8,Isolation Forest,68,0.0002,0.02,99.98,47447,9.4894
0.1563014429114754,0.5734856865164876,0.9647887323943662,0.004091567488464468,0.008148577716316486,0.8684392799434788,0.8542065082035605,0.00011182680264805869,10,89414,66693,274,89424,66967,0.008210917954968247,0.0005029478331330855,0.11182680264805869,96.61835748792271,894.24,Isolation Forest,68,0.0005,0.05,99.95,47447,23.7235
0.14497642760923193,0.5744640036830764,0.9112426035502958,0.006898920363761256,0.013694163677861103,0.8684392799434788,0.8542065082035605,0.000503220611916264,45,89379,66505,462,89424,66967,0.011835268458528449,0.0025985638045209424,0.503220611916264,434.78260869565213,198.72000000000003,Isolation Forest,68,0.001,0.1,99.9,47447,47.447
0.1253929501968295,0.5776483301468754,0.8954191875540191,0.015470306270252513,0.030415125359638306,0.8684392799434788,0.8542065082035605,0.0013531043120415102,121,89303,65931,1036,89424,66967,0.025627044711014176,0.006622146469585627,1.3531043120415103,1169.0821256038648,73.90413223140496,Isolation Forest,68,0.002,0.2,99.8,47447,94.894
0.10077042587756058,0.5921952030487688,0.8955853174603174,0.05392208102498246,0.10171974253158496,0.8684392799434788,0.8542065082035605,0.0047079083914832705,421,89003,63356,3611,89424,66967,0.08894091987940214,0.02341501578697365,4.7079083914832704,4067.632850241546,21.240855106888365,Isolation Forest,68,0.005,0.5,99.5,47447,237.235
0.07261313262076569,0.6360788024886342,0.921863197650021,0.16402108501202084,0.278491924646941,0.8684392799434788,0.8542065082035605,0.010411075326534264,931,88493,55983,10984,89424,66967,0.2524857271152736,0.08695409203945346,10.411075326534263,8995.169082125603,9.60515574650913,Isolation Forest,68,0.01,1.0,99.0,47447,474.47
0.0567000469373918,0.7011209084921767,0.9246273357127861,0.3288186718831663,0.4851181952369412,0.8684392799434788,0.8542065082035605,0.020072911075326536,1795,87629,44947,22020,89424,66967,0.40089165437167235,0.2660314621811171,20.072911075326534,17342.995169082125,4.981838440111421,Isolation Forest,68,0.02,2.0,98.0,47447,948.94
0.0118064013560291,0.8666483365411053,0.9137386498223451,0.7603595800916869,0.8300229026920851,0.8684392799434788,0.8542065082035605,0.05375514403292181,4807,84617,16048,50919,89424,66967,0.7510103277952402,0.7685042890273548,53.755144032921805,46444.444444444445,1.860287081339713,Isolation Forest,68,0.05,5.0,95.0,47447,2372.35
-0.028682230138873624,0.8426571861552136,0.8480804627925322,0.7705884988128481,0.807479560301999,0.8684392799434788,0.8542065082035605,0.10337269636786545,9244,80180,15363,51604,89424,66967,0.7609532362563346,0.7789823688842941,103.37269636786544,89314.00966183575,0.967373431414972,Isolation Forest,68,0.1,10.0,90.0,47447,4744.7
0.7379853996481759,0.8890984775338734,0.9995771670190274,0.741320351815073,0.8512929556210989,0.8349687106077994,0.880224402097425,0.00023483628556092325,21,89403,17323,49644,89424,66967,0.7326319840913464,0.7488893235351645,0.23483628556092326,202.8985507246377,425.8285714285714,One-Class SVM,68,0.0001,0.01,99.99,47447,4.7447
0.7260815167990046,0.8891816025218843,0.9995571658615137,0.7415294100079144,0.8514235256800432,0.8349687106077994,0.880224402097425,0.0002460189658257291,22,89402,17309,49658,89424,66967,0.7328565013791776,0.7490849143591606,0.2460189658257291,212.56038647342993,406.4727272727273,One-Class SVM,68,0.0002,0.02,99.98,47447,9.4894
0.6935652603235182,0.8893478524979059,0.999095513748191,0.7422611136828587,0.8517379346978641,0.8349687106077994,0.880224402097425,0.000503220611916264,45,89379,17260,49707,89424,66967,0.7335942010391943,0.7498113945625751,0.503220611916264,434.78260869565213,198.72000000000003,One-Class SVM,68,0.0005,0.05,99.95,47447,23.7235
0.689014061066145,0.889782660127501,0.9989164894257394,0.7434109337434855,0.852429262445957,0.8349687106077994,0.880224402097425,0.0006038647342995169,54,89370,17183,49784,89424,66967,0.7349733786644429,0.7507614071362709,0.6038647342995169,521.7391304347826,165.60000000000002,One-Class SVM,68,0.001,0.1,99.9,47447,47.447
0.6758894330587324,0.892046217493334,0.9976352291244386,0.7496677468006631,0.8560564076767643,0.8349687106077994,0.880224402097425,0.0013307389515118983,119,89305,16764,50203,89424,66967,0.7411636410289306,0.7570761965967197,1.3307389515118984,1149.7584541062802,75.14621848739496,One-Class SVM,68,0.002,0.2,99.8,47447,94.894
0.16995365444087304,0.8926664577884916,0.9918452159253524,0.7555512416563382,0.8577216477369045,0.8349687106077994,0.880224402097425,0.0046519949901592415,416,89008,16370,50597,89424,66967,0.7454294694977227,0.7643689401771494,4.651994990159242,4019.3236714975847,21.496153846153845,One-Class SVM,68,0.005,0.5,99.5,47447,237.235
0.07383935931586613,0.8866111221233959,0.9716623237277744,0.7572834381113086,0.8511820340889065,0.8349687106077994,0.880224402097425,0.01653918411164788,1479,87945,16254,50713,89424,66967,0.7471293861055873,0.7661292575931152,16.53918411164788,14289.855072463768,6.046247464503042,One-Class SVM,68,0.01,1.0,99.0,47447,474.47
0.032265121969216756,0.853028626967025,0.8816424282392142,0.7586124509086565,0.8155134080857861,0.8349687106077994,0.880224402097425,0.07626587940597603,6820,82604,16165,50802,89424,66967,0.7484764898325742,0.7674425102685183,76.26587940597602,65893.71980676329,1.3112023460410558,One-Class SVM,68,0.02,2.0,98.0,47447,948.94
0.007614533933633167,0.8124764212774392,0.7929091701425637,0.7607627637493094,0.7765034027084492,0.8349687106077994,0.880224402097425,0.1487967436035069,13306,76118,16021,50946,89424,66967,0.7512027711848098,0.7690910614993434,148.79674360350688,128560.38647342996,0.6720577183225612,One-Class SVM,68,0.05,5.0,95.0,47447,2372.35
-0.0035186838779512376,0.779974550965209,0.7342533565497691,0.7619275165379963,0.7478344985270193,0.8349687106077994,0.880224402097425,0.20651055645016997,18467,70957,15943,51024,89424,66967,0.7525819488100584,0.7700690156193244,206.51055645016996,178425.12077294686,0.48423674662912225,One-Class SVM,68,0.1,10.0,90.0,47447,4744.7
0.23740047216415405,0.8883615167819626,0.999311448186476,0.7393617021276596,0.8499039778158614,0.8826951151451015,0.9049725931383504,0.000380398299395838,34,89346,17395,49345,89380,66740,0.7318211068211068,0.7459338194054963,0.38039829939583797,328.664130678004,262.8823529411765,LSTM AE,68,0.0001,0.01,99.99,47420,4.742
0.2356363981962204,0.8883871380988982,0.9992306290619749,0.7394815702727,0.8499539313361635,0.8826951151451015,0.9049725931383504,0.0004251510405012307,38,89342,17387,49353,89380,66740,0.7318854568854569,0.7461020751542344,0.4251510405012307,367.3304989930633,235.21052631578948,LSTM AE,68,0.0002,0.02,99.98,47420,9.484
0.2320653796195984,0.8887522418652318,0.9990498524238871,0.7404704824692838,0.8505412801404403,0.8826951151451015,0.9049725931383504,0.0005258447079883643,47,89333,17321,49419,89380,66740,0.7326576576576577,0.747279865395401,0.5258447079883642,454.3298277019467,190.17021276595747,LSTM AE,68,0.0005,0.05,99.95,47420,23.71
0.2102111577987671,0.8898539584934666,0.9986312399355878,0.7433623014683848,0.8522934203745061,0.8826951151451015,0.9049725931383504,0.000760796598791676,68,89312,17128,49612,89380,66740,0.7348455598455599,0.7507851934941111,0.7607965987916759,657.328261356008,131.44117647058826,LSTM AE,68,0.001,0.1,99.9,47420,47.42
0.18419428169727325,0.8898859851396361,0.9967318295739348,0.7448606532813905,0.8525832868841916,0.8826951151451015,0.9049725931383504,0.0018236742000447526,163,89217,17028,49712,89380,66740,0.7354890604890605,0.7530286034772855,1.8236742000447526,1575.6545088386663,54.834355828220865,LSTM AE,68,0.002,0.2,99.8,47420,94.84
0.16709546744823456,0.8887650525236998,0.9910099844862564,0.746568774348217,0.8515954810371054,0.8826951151451015,0.9049725931383504,0.0050570597449093755,452,88928,16914,49826,89380,66740,0.736936936936937,0.7549635445877734,5.057059744909376,4369.2996196017,19.774336283185843,LSTM AE,68,0.005,0.5,99.5,47420,237.1
0.1583845019340515,0.8889828337176531,0.9825188483925154,0.7537159124962541,0.8530414285472028,0.8826951151451015,0.9049725931383504,0.010013425822331617,895,88485,16437,50303,89380,66740,0.7440797940797941,0.7621144139091419,10.013425822331618,8651.599910494517,9.986592178770952,LSTM AE,68,0.01,1.0,99.0,47420,474.2
0.15028595924377441,0.8842300794260824,0.9680143098938299,0.7541054839676355,0.8477748206043864,0.8826951151451015,0.9049725931383504,0.018605952114567018,1663,87717,16411,50329,89380,66740,0.7443693693693694,0.7625911385305665,18.605952114567017,16075.542626985904,5.374624173180998,LSTM AE,68,0.02,2.0,98.0,47420,948.4
0.134368434548378,0.8669228798360236,0.9188445416438855,0.7554240335630806,0.8291587862840227,0.8826951151451015,0.9049725931383504,0.04982098903557843,4453,84927,16323,50417,89380,66740,0.745945945945946,0.763684800897364,49.820989035578435,43045.33452673977,2.0071861666292388,LSTM AE,68,0.05,5.0,95.0,47420,2371.0
0.09945572912693024,0.8444657955418908,0.848244750656168,0.7747827389871141,0.8098512137823023,0.8826951151451015,0.9049725931383504,0.10350190199149698,9251,80129,15031,51709,89380,66740,0.7657014157014157,0.7826977005047673,103.50190199149698,89425.64332065338,0.9661658199113611,LSTM AE,68,0.1,10.0,90.0,47420,4742.0
1408.5517978170026,0.7494804688249324,0.9992454186130075,0.41526423462302325,0.5867063303691045,0.8837170474681981,0.9051378308723307,0.00023483628556092325,21,89403,39158,27809,89424,66967,0.7324395407017769,0.1389533096761575,0.23483628556092326,202.8985507246377,425.8285714285714,Hybrid AE,68,0.0001,0.01,99.99,47447,4.7447
690.2001861910245,0.8560211265354144,0.9995055513102891,0.6640882822882912,0.7979831510573205,0.8837170474681981,0.9051378308723307,0.0002460189658257291,22,89402,22495,44472,89424,66967,0.7327602796843928,0.6042638799631171,0.2460189658257291,212.56038647342993,406.4727272727273,Hybrid AE,68,0.0002,0.02,99.98,47447,9.4894
652.7542803631134,0.8568587706453696,0.9994622330771471,0.6660743351202831,0.7994014122369978,0.8837170474681981,0.9051378308723307,0.00026838432635534085,24,89400,22362,44605,89424,66967,0.7329206491757008,0.6078403978876191,0.2683843263553409,231.8840579710145,372.6,Hybrid AE,68,0.0005,0.05,99.95,47447,23.7235
313.7877652913254,0.8858885741506864,0.9989638989903095,0.734272104170711,0.8464067475686375,0.8837170474681981,0.9051378308723307,0.0005703166935050993,51,89373,17795,49172,89424,66967,0.734877156969658,0.7337450054486016,0.5703166935050994,492.7536231884058,175.34117647058824,Hybrid AE,68,0.001,0.1,99.9,47447,47.447
104.51223570707383,0.890191890837708,0.9969461077844312,0.7458449684172802,0.8533062263490138,0.8837170474681981,0.9051378308723307,0.001710950080515298,153,89271,17020,49947,89424,66967,0.7374751427288473,0.7531364385705105,1.710950080515298,1478.2608695652175,58.44705882352942,Hybrid AE,68,0.002,0.2,99.8,47447,94.894
62.59808001015533,0.892059005953028,0.9912896770902814,0.7545507488763122,0.8568691125223629,0.8837170474681981,0.9051378308723307,0.004965110037573806,444,88980,16437,50530,89424,66967,0.7452370261081532,0.7626645058537539,4.965110037573806,4289.855072463768,20.14054054054054,Hybrid AE,68,0.005,0.5,99.5,47447,237.235
43.226261097877135,0.8892519390502011,0.981420786222679,0.7556707034808189,0.8538766556989792,0.8837170474681981,0.9051378308723307,0.010713007693684022,958,88466,16362,50605,89424,66967,0.7456860606838155,0.7643689401771494,10.713007693684022,9256.038647342995,9.33444676409186,Hybrid AE,68,0.01,1.0,99.0,47447,474.47
30.138927517037903,0.8839575167368966,0.9629060704329522,0.7582092672510341,0.8483851025079784,0.8837170474681981,0.9051378308723307,0.02187332259796028,1956,87468,16192,50775,89424,66967,0.7482840464430047,0.7668557377965297,21.87332259796028,18898.55072463768,4.571779141104295,Hybrid AE,68,0.02,2.0,98.0,47447,948.94
19.74173665282201,0.8659385770280899,0.9090359410289698,0.7633013275195245,0.8298186658874332,0.8837170474681981,0.9051378308723307,0.057199409554482016,5115,84309,15851,51116,89424,66967,0.7533517223683367,0.771969040766716,57.19940955448202,49420.289855072464,1.7482697947214079,Hybrid AE,68,0.05,5.0,95.0,47447,2372.35
11.648426362281688,0.8372796388538982,0.8317432922639308,0.7772186300715278,0.8035570925708639,0.8837170474681981,0.9051378308723307,0.11774244050814099,10529,78895,14919,52048,89424,66967,0.7686830457373789,0.7846545027801839,117.74244050814099,101729.46859903382,0.8493114255864755,Hybrid AE,68,0.1,10.0,90.0,47447,4744.7
0.14627587795257568,0.889283910199436,0.9994769032673426,0.7418280645691161,0.851591226611583,0.8918373186724562,0.9112651931973259,0.0002907496868849526,26,89398,17289,49678,89424,66967,0.7325357623965617,0.7499231607477158,0.2907496868849526,251.20772946859904,343.9384615384615,Dense AE,69,0.0001,0.01,99.99,47447,4.7447
0.14122377336025238,0.889303092888977,0.9992158124384212,0.7420669882180776,0.8516538131962297,0.8918373186724562,0.9112651931973259,0.00043612453032742886,39,89385,17273,49694,89424,66967,0.7325678362948232,0.7503422839419933,0.43612453032742887,376.81159420289856,229.2923076923077,Dense AE,69,0.0002,0.02,99.98,47447,9.4894
0.13564182817935944,0.8894949197843866,0.9989756362102556,0.7426941627966013,0.8519793754389571,0.8918373186724562,0.9112651931973259,0.0005703166935050993,51,89373,17231,49736,89424,66967,0.732824427480916,0.7512922965156892,0.5703166935050994,492.7536231884058,175.34117647058824,Dense AE,69,0.0005,0.05,99.95,47447,23.7235
0.13170133531093597,0.8901471312287792,0.9988177537320909,0.7443367628832112,0.8530015743719624,0.8918373186724562,0.9112651931973259,0.0006597781356235462,59,89365,17121,49846,89424,66967,0.7345884918853037,0.7528290815613736,0.6597781356235463,570.0483091787439,151.56610169491526,Dense AE,69,0.001,0.1,99.9,47447,47.447
0.11632522195577621,0.8898913620348997,0.9960908673886595,0.7457852375050398,0.8529537342236948,0.8918373186724562,0.9112651931973259,0.00219180533190195,196,89228,17024,49943,89424,66967,0.7356469305279364,0.7546173405236246,2.1918053319019504,1893.7198067632849,45.62448979591837,Dense AE,69,0.002,0.2,99.8,47447,94.894
0.09046768397092819,0.8885166026177977,0.9910576198596185,0.7463825466274434,0.8514918952990179,0.8918373186724562,0.9112651931973259,0.005043388799427447,451,88973,16984,49983,89424,66967,0.7359676695105523,0.7554555869121797,5.043388799427447,4357.487922705314,19.827937915742794,Dense AE,69,0.005,0.5,99.5,47447,237.235
0.0789334699511528,0.889782660127501,0.9833223185476033,0.7554168471037974,0.8544332125695658,0.8918373186724562,0.9112651931973259,0.009594739667203435,858,88566,16379,50588,89424,66967,0.7452049522098916,0.7643130570845791,9.594739667203434,8289.855072463768,10.422377622377624,Dense AE,69,0.01,1.0,99.0,47447,474.47
0.07109657675027847,0.883772084071334,0.9651983218916858,0.7558200307614198,0.847772743641495,0.8918373186724562,0.9112651931973259,0.02040839148327071,1825,87599,16352,50615,89424,66967,0.7459747257681698,0.7643968817234346,20.40839148327071,17632.850241545893,4.899945205479453,Dense AE,69,0.02,2.0,98.0,47447,948.94
0.06914591044187546,0.8683044420714747,0.9223762592680306,0.7560738871384414,0.8309863778106024,0.8918373186724562,0.9112651931973259,0.047649400608337805,4261,85163,16335,50632,89424,66967,0.746519982038617,0.7643968817234346,47.64940060833781,41169.08212560386,2.0986622858483925,Dense AE,69,0.05,5.0,95.0,47447,2372.35
0.03864477574825287,0.8464361759947823,0.8499747404787902,0.7788462974300775,0.8128574768175797,0.8918373186724562,0.9112651931973259,0.10294775451780283,9206,80218,14810,52157,89424,66967,0.7702225928539355,0.7863589371035793,102.94775451780284,88946.85990338164,0.9713665001086248,Dense AE,69,0.1,10.0,90.0,47447,4744.7
0.17067766895783087,0.5719446771233638,0.8285714285714286,0.00043304911374258964,0.0008656458016178621,0.8661313977157972,0.8502527136446235,6.709608158883521e-05,6,89418,66938,29,89424,66967,0.0005452562704471102,0.0003352985554220571,0.06709608158883522,57.971014492753625,1490.4,Isolation Forest,69,0.0001,0.01,99.99,47447,4.7447
0.16884585606585947,0.573709484561132,0.948948948948949,0.004718742066988218,0.009390787518573552,0.8661313977157972,0.8502527136446235,0.00019010556450169976,17,89407,66651,316,89424,66967,0.00824299185322984,0.0016485512308251138,0.19010556450169977,164.2512077294686,526.0235294117648,Isolation Forest,69,0.0002,0.02,99.98,47447,9.4894
0.16487892075309726,0.5739780422147055,0.9273182957393483,0.00552510938223304,0.010984769765163436,0.8661313977157972,0.8502527136446235,0.0003242977276793702,29,89395,66597,370,89424,66967,0.009205208801077683,0.002319148341669228,0.3242977276793702,280.19323671497585,308.3586206896552,Isolation Forest,69,0.0005,0.05,99.95,47447,23.7235
0.15967101782484439,0.5743744844652185,0.9005964214711729,0.0067645258112204515,0.013428190306803024,0.8661313977157972,0.8502527136446235,0.0005591340132402934,50,89374,66514,453,89424,66967,0.010488164731541471,0.003520634831931599,0.5591340132402934,483.0917874396135,178.848,Isolation Forest,69,0.001,0.1,99.9,47447,47.447
0.14543676755959511,0.5762224168909975,0.8810572687224669,0.011946182448071439,0.023572744014732964,0.8661313977157972,0.8502527136446235,0.0012077294685990338,108,89316,66167,800,89424,66967,0.01619731862210533,0.008242756154125569,1.2077294685990339,1043.4782608695652,82.80000000000001,Isolation Forest,69,0.002,0.2,99.8,47447,94.894
0.09936234472047423,0.5863764538880114,0.8656189865298268,0.04030343303418101,0.07702076050510095,0.8661313977157972,0.8502527136446235,0.004685543030953659,419,89005,64268,2699,89424,66967,0.0460901918019116,0.035262231411886336,4.685543030953659,4048.3091787439616,21.342243436754178,Isolation Forest,69,0.005,0.5,99.5,47447,237.235
0.07213356651198882,0.6300426495130794,0.9185736605091444,0.14925261696059253,0.25678244784708665,0.8661313977157972,0.8502527136446235,0.009907854714617999,886,88538,56972,9995,89424,66967,0.0934954134325486,0.19782614769901366,9.907854714617999,8560.386473429951,10.093002257336344,Isolation Forest,69,0.01,1.0,99.0,47447,474.47
0.05208992822046296,0.7282068661240096,0.9359161706526,0.39211850612988486,0.5526814278498063,0.8661313977157972,0.8502527136446235,0.020106459116120953,1798,87626,40708,26259,89424,66967,0.1613317082558214,0.5931710860879041,20.106459116120952,17371.980676328505,4.9735261401557285,Isolation Forest,69,0.02,2.0,98.0,47447,948.94
0.012230407923028793,0.8678440575224917,0.9163654022554363,0.7608075619334896,0.8313724850284745,0.8661313977157972,0.8502527136446235,0.05199946323134729,4650,84774,16018,50949,89424,66967,0.7512989928795946,0.7690910614993434,51.99946323134729,44927.536231884056,1.9230967741935485,Isolation Forest,69,0.05,5.0,95.0,47447,2372.35
-0.02549925659010512,0.8414550709439802,0.8457174711437565,0.7702599787955261,0.8062269945842028,0.8661313977157972,0.8502527136446235,0.10522902129182322,9410,80014,15385,51582,89424,66967,0.7606966450702418,0.7785911872363016,105.22902129182323,90917.87439613526,0.9503081827842721,Isolation Forest,69,0.1,10.0,90.0,47447,4744.7
0.6723003081842789,0.8891176602234144,0.9995168498610943,0.7414099481834336,0.8513301497758078,0.8376255245381232,0.8812361925461608,0.00026838432635534085,24,89400,17317,49650,89424,66967,0.7326319840913464,0.7490569728128754,0.2683843263553409,231.8840579710145,372.6,One-Class SVM,69,0.0001,0.01,99.99,47447,4.7447
0.6581179542289319,0.8891624198323433,0.9995169179364345,0.7415144772798543,0.8513990809958165,0.8376255245381232,0.8812361925461608,0.00026838432635534085,24,89400,17310,49657,89424,66967,0.7327282057861313,0.7491687389980162,0.2683843263553409,231.8840579710145,372.6,One-Class SVM,69,0.0002,0.02,99.98,47447,9.4894
0.6167646441565037,0.8895588620828564,0.9990961132871347,0.7427538937088417,0.8520624914348363,0.8376255245381232,0.8812361925461608,0.000503220611916264,45,89379,17227,49740,89424,66967,0.7335942010391943,0.7507334655899858,0.503220611916264,434.78260869565213,198.72000000000003,One-Class SVM,69,0.0005,0.05,99.95,47447,23.7235
0.6127659084306243,0.8900192466318394,0.9989172932330828,0.7439634446817089,0.8527926601735677,0.8376255245381232,0.8812361925461608,0.0006038647342995169,54,89370,17146,49821,89424,66967,0.734877156969658,0.7518790689876778,0.6038647342995169,521.7391304347826,165.60000000000002,One-Class SVM,69,0.001,0.1,99.9,47447,47.447
0.6052862881527423,0.8922700155379786,0.9976961728664774,0.7501455940985858,0.8563903237354882,0.8376255245381232,0.8812361925461608,0.0012971909107174807,116,89308,16732,50235,89424,66967,0.7408429020463148,0.7582497415406969,1.2971909107174808,1120.7729468599034,77.0896551724138,One-Class SVM,69,0.002,0.2,99.8,47447,94.894
0.1729785133705609,0.8926280924094098,0.9920371859493596,0.7553123180073767,0.8576394187564644,0.8376255245381232,0.8812361925461608,0.004540168187511183,406,89018,16386,50581,89424,66967,0.74517287831163,0.764145407806868,4.540168187511183,3922.705314009662,22.0256157635468,One-Class SVM,69,0.005,0.5,99.5,47447,237.235
0.06121950639348032,0.8855049203598673,0.9686849194673188,0.7570893126465273,0.8499153437379512,0.8376255245381232,0.8812361925461608,0.01832841295401682,1639,87785,16267,50700,89424,66967,0.7468407210212329,0.7660174914079745,18.32841295401682,15835.748792270531,5.456009762050031,One-Class SVM,69,0.01,1.0,99.0,47447,474.47
0.031830873619127245,0.857574924388232,0.8929884107416071,0.7582540654352143,0.8201243640474845,0.8376255245381232,0.8812361925461608,0.06804660941134372,6085,83339,16189,50778,89424,66967,0.7482519725447431,0.7669675039816704,68.04660941134372,58792.27053140097,1.469580936729663,One-Class SVM,69,0.02,2.0,98.0,47447,948.94
0.009146981369066148,0.8181992569904918,0.8045811663162554,0.7600310600743649,0.7816718627616605,0.8376255245381232,0.8812361925461608,0.13824029343353014,12362,77062,16070,50897,89424,66967,0.7506895888126243,0.7681689904719328,138.24029343353016,119439.61352657004,0.7233780941595211,One-Class SVM,69,0.05,5.0,95.0,47447,2372.35
-0.00345894800562867,0.78406685806728,0.7414011256708213,0.7612406110472322,0.7511898972930757,0.8376255245381232,0.8812361925461608,0.19883923778851315,17781,71643,15989,50978,89424,66967,0.7521649881326576,0.7691469445919137,198.83923778851315,171797.10144927536,0.5029188459591699,One-Class SVM,69,0.1,10.0,90.0,47447,4744.7
0.23735031485557556,0.8883615167819626,0.999311448186476,0.7393617021276596,0.8499039778158614,0.8826629812151812,0.9049592695131554,0.000380398299395838,34,89346,17395,49345,89380,66740,0.7318211068211068,0.7459338194054963,0.38039829939583797,328.664130678004,262.8823529411765,LSTM AE,69,0.0001,0.01,99.99,47420,4.742
0.23557177186012268,0.8883871380988982,0.9992306290619749,0.7394815702727,0.8499539313361635,0.8826629812151812,0.9049592695131554,0.0004251510405012307,38,89342,17387,49353,89380,66740,0.7318854568854569,0.7461020751542344,0.4251510405012307,367.3304989930633,235.21052631578948,LSTM AE,69,0.0002,0.02,99.98,47420,9.484
0.2320159524679184,0.8887458365359979,0.9990498332154049,0.7404554989511537,0.850531388494471,0.8826629812151812,0.9049592695131554,0.0005258447079883643,47,89333,17322,49418,89380,66740,0.7326576576576577,0.7472518227706113,0.5258447079883642,454.3298277019467,190.17021276595747,LSTM AE,69,0.0005,0.05,99.95,47420,23.71
0.2101753056049347,0.8898539584934666,0.9986312399355878,0.7433623014683848,0.8522934203745061,0.8826629812151812,0.9049592695131554,0.000760796598791676,68,89312,17128,49612,89380,66740,0.7348455598455599,0.7507851934941111,0.7607965987916759,657.328261356008,131.44117647058826,LSTM AE,69,0.001,0.1,99.9,47420,47.42
0.1842266172170639,0.8898859851396361,0.9967517494435867,0.7448456697632604,0.8525807585775171,0.8826629812151812,0.9049592695131554,0.0018124860147684045,162,89218,17029,49711,89380,66740,0.7354890604890605,0.7530005608524958,1.8124860147684045,1565.9879167599015,55.17283950617284,LSTM AE,69,0.002,0.2,99.8,47420,94.84
0.1670420616865158,0.8887522418652318,0.9909510361560797,0.746583757866347,0.8515834629385928,0.8826629812151812,0.9049592695131554,0.0050906243007384205,455,88925,16913,49827,89380,66740,0.736936936936937,0.7549915872125631,5.090624300738421,4398.299395837996,19.643956043956045,LSTM AE,69,0.005,0.5,99.5,47420,237.1
0.1584048718214035,0.888989239046887,0.9825568903213204,0.753700928978124,0.8530461695001483,0.8826629812151812,0.9049592695131554,0.009991049451778922,893,88487,16438,50302,89380,66740,0.7440797940797941,0.7620863712843522,9.991049451778922,8632.266726336988,10.008958566629339,LSTM AE,69,0.01,1.0,99.0,47420,474.2
0.15028733015060425,0.8842236740968485,0.9679956917277326,0.7541054839676355,0.8477676804258294,0.8826629812151812,0.9049592695131554,0.018617140299843366,1664,87716,16411,50329,89380,66740,0.7443693693693694,0.7625911385305665,18.617140299843367,16085.209219064669,5.371394230769231,LSTM AE,69,0.02,2.0,98.0,47420,948.4
0.13430152833461761,0.8669420958237254,0.9188947819272058,0.7554240335630806,0.8291792413265684,0.8826629812151812,0.9049592695131554,0.04978742447974938,4450,84930,16323,50417,89380,66740,0.745945945945946,0.763684800897364,49.78742447974938,43016.33475050347,2.0085393258426967,LSTM AE,69,0.05,5.0,95.0,47420,2371.0
0.09941458702087402,0.8444722008711247,0.8482700920320881,0.7747677554689841,0.8098545776329906,0.8826629812151812,0.9049592695131554,0.10347952562094428,9249,80131,15032,51708,89380,66740,0.7656692406692407,0.7826977005047673,103.47952562094429,89406.31013649586,0.9663747432154828,LSTM AE,69,0.1,10.0,90.0,47420,4742.0
1418.8979996516987,0.8736308355340141,0.9995555179274436,0.7051980826377171,0.826963655625892,0.8796853768779698,0.903513393546633,0.00023483628556092325,21,89403,19742,47225,89424,66967,0.7327923535826545,0.6811590153399089,0.23483628556092326,202.8985507246377,425.8285714285714,Hybrid AE,69,0.0001,0.01,99.99,47447,4.7447
1377.8283318987103,0.873669200913096,0.9995555743672225,0.7052876790060776,0.8270252760048679,0.8796853768779698,0.903513393546633,0.00023483628556092325,21,89403,19736,47231,89424,66967,0.732824427480916,0.6812987230713348,0.23483628556092326,202.8985507246377,425.8285714285714,Hybrid AE,69,0.0002,0.02,99.98,47447,9.4894
1165.3716957296358,0.8746219411602969,0.9994305359289646,0.7076022518553915,0.8285714285714286,0.8796853768779698,0.903513393546633,0.00030193236714975844,27,89397,19581,47386,89424,66967,0.7334017576496248,0.6851267149124033,0.30193236714975846,260.8695652173913,331.20000000000005,Hybrid AE,69,0.0005,0.05,99.95,47447,23.7235
791.6247056338888,0.8827362188361223,0.998953416786374,0.7269102692370869,0.841491136330242,0.8796853768779698,0.903513393546633,0.0005703166935050993,51,89373,18288,48679,89424,66967,0.735197895952274,0.7196904076671603,0.5703166935050994,492.7536231884058,175.34117647058824,Hybrid AE,69,0.001,0.1,99.9,47447,47.447
330.76582063621544,0.8888682852593819,0.9970529861069345,0.7426642973404811,0.8512597562645489,0.8796853768779698,0.903513393546633,0.0016438539989264626,147,89277,17233,49734,89424,66967,0.735839373917506,0.7486099080723128,1.6438539989264627,1420.2898550724638,60.8326530612245,Hybrid AE,69,0.002,0.2,99.8,47447,94.894
229.02425412597856,0.888395112250705,0.9905677202021202,0.7464721429958039,0.8513693030860413,0.8796853768779698,0.903513393546633,0.005322955806047593,476,88948,16978,49989,89424,66967,0.737892103406248,0.7539467434127805,5.322955806047593,4599.033816425121,18.78655462184874,Hybrid AE,69,0.005,0.5,99.5,47447,237.235
178.35606787667092,0.8881137661374375,0.9826714801444043,0.7519673869219168,0.8519778025919534,0.8796853768779698,0.903513393546633,0.009930220075147612,888,88536,16610,50357,89424,66967,0.7428635576367951,0.759898292771522,9.930220075147613,8579.710144927536,10.07027027027027,Hybrid AE,69,0.01,1.0,99.0,47447,474.47
77.85942343580199,0.883784872531028,0.9620279534866104,0.7585377872683561,0.8482495470447278,0.8796853768779698,0.903513393546633,0.022421273930935768,2005,87419,16170,50797,89424,66967,0.7485406376290974,0.7672469194445221,22.42127393093577,19371.980676328505,4.460049875311721,Hybrid AE,69,0.02,2.0,98.0,47447,948.94
40.55413735773037,0.8657211732132923,0.9077040427154843,0.7641076948347694,0.8297389330306469,0.8796853768779698,0.903513393546633,0.05818348541778493,5203,84221,15797,51170,89424,66967,0.7549554172814164,0.7720808069518568,58.18348541778493,50270.53140096618,1.7187007495675573,Hybrid AE,69,0.05,5.0,95.0,47447,2372.35
25.066769618060775,0.8408028594995876,0.8395699480192426,0.7766213209491242,0.8068697493658514,0.8796853768779698,0.903513393546633,0.11113347647164072,9938,79486,14959,52008,89424,66967,0.7673680159086536,0.784682444326469,111.13347647164072,96019.32367149758,0.8998188770376334,Hybrid AE,69,0.1,10.0,90.0,47447,4744.7
0.108089879155159,0.8891816025218843,0.9995370556740872,0.7415443427359745,0.8514260730910681,0.8913716654171562,0.9122939219524073,0.000257201646090535,23,89401,17308,49659,89424,66967,0.7326961318878696,0.7492525636368716,0.257201646090535,222.22222222222223,388.8,Dense AE,70,0.0001,0.01,99.99,47447,4.7447
0.10124535113573074,0.8893414582680589,0.9992359812614352,0.742141651858378,0.8517103098437071,0.8913716654171562,0.9122939219524073,0.000424941850062623,38,89386,17268,49699,89424,66967,0.7329206491757008,0.7501746346642824,0.424941850062623,367.1497584541063,235.32631578947368,Dense AE,70,0.0002,0.02,99.98,47447,9.4894
0.0982254147529602,0.8893862178769878,0.9990354473113093,0.7423955082353996,0.8518045763336217,0.8913716654171562,0.9122939219524073,0.0005367686527106817,48,89376,17251,49716,89424,66967,0.7331772403617935,0.7504261085808489,0.5367686527106817,463.768115942029,186.3,Dense AE,70,0.0005,0.05,99.95,47447,23.7235
0.0882234051823616,0.8903005927451069,0.9984988290866876,0.7449340720056147,0.8532772304324029,0.8913716654171562,0.9122939219524073,0.0008387010198604402,75,89349,17081,49886,89424,66967,0.7358073000192443,0.7528849646539439,0.8387010198604402,724.6376811594204,119.232,Dense AE,70,0.001,0.1,99.9,47447,47.447
0.08391731977462769,0.8920909771022629,0.9973193542622267,0.7500111995460451,0.856163916541661,0.8913716654171562,0.9122939219524073,0.0015096618357487923,135,89289,16741,50226,89424,66967,0.740586310860222,0.7582217999944116,1.5096618357487923,1304.3478260869565,66.24000000000001,Dense AE,70,0.002,0.2,99.8,47447,94.894
0.05101846903562546,0.8922828039976725,0.9906800070487342,0.7555512416563382,0.8572856658759742,0.8913716654171562,0.9122939219524073,0.005322955806047593,476,88948,16370,50597,89424,66967,0.745333247802938,0.7644527648160049,5.322955806047593,4599.033816425121,18.78655462184874,Dense AE,70,0.005,0.5,99.5,47447,237.235
0.04028724133968353,0.8900512177810743,0.9819319106084666,0.7571639762868279,0.8550229754226213,0.8913716654171562,0.9122939219524073,0.010433440687063875,933,88491,16262,50705,89424,66967,0.7470010905125409,0.7660174914079745,10.433440687063875,9014.492753623188,9.584565916398715,Dense AE,70,0.01,1.0,99.0,47447,474.47
0.02438708394765854,0.8847695839274639,0.9630127137884062,0.7600907909866054,0.8496031646678851,0.8913716654171562,0.9122939219524073,0.021862139917695474,1955,87469,16066,50901,89424,66967,0.7504650715247931,0.7684763474810696,21.862139917695476,18888.88888888889,4.574117647058824,Dense AE,70,0.02,2.0,98.0,47447,948.94
0.018210383132100105,0.8700820379689368,0.9153148982389915,0.7676168859288903,0.8349847313364953,0.8913716654171562,0.9122939219524073,0.053184827339416714,4756,84668,15562,51405,89424,66967,0.7581628071075759,0.7758529157003549,53.184827339416714,45951.69082125604,1.8802354920100925,Dense AE,70,0.05,5.0,95.0,47447,2372.35
0.009322230704128742,0.8453363684611007,0.8395212622422578,0.7897770543700628,0.8138897865595617,0.8913716654171562,0.9122939219524073,0.11305689747718733,10110,79314,14078,52889,89424,66967,0.7824748219898646,0.7961384783033894,113.05689747718733,97681.15942028986,0.8845103857566766,Dense AE,70,0.1,10.0,90.0,47447,4744.7
0.15777078592881175,0.5734856865164876,0.9852941176470589,0.004001971120103932,0.007971564122012522,0.8762627000561076,0.8791943745389234,4.473072105922347e-05,4,89420,66699,268,89424,66967,0.007729809481044326,0.0007544217496996284,0.044730721059223474,38.64734299516908,2235.6000000000004,Isolation Forest,70,0.0001,0.01,99.99,47447,4.7447
0.15651086908161618,0.5736775134118971,0.9772727272727273,0.004494751146086879,0.008948346339650687,0.8762627000561076,0.8791943745389234,7.827876185364108e-05,7,89417,66666,301,89424,66967,0.00830713964975303,0.0011735449439771997,0.07827876185364109,67.6328502415459,1277.4857142857143,Isolation Forest,70,0.0002,0.02,99.98,47447,9.4894
0.14863981838637555,0.5743680902353716,0.9486607142857143,0.006346409425537951,0.012608469925090855,0.8762627000561076,0.8791943745389234,0.000257201646090535,23,89401,66542,425,89424,66967,0.011065494900250177,0.002235323702813714,0.257201646090535,222.22222222222223,388.8,Isolation Forest,70,0.0005,0.05,99.95,47447,23.7235
0.13937710646421106,0.5759666476971181,0.9190231362467867,0.010676900562963847,0.02110856889807366,0.8762627000561076,0.8791943745389234,0.0007045088566827697,63,89361,66252,715,89424,66967,0.017223683366476363,0.004973595238760513,0.7045088566827697,608.695652173913,141.94285714285715,Isolation Forest,70,0.001,0.1,99.9,47447,47.447
0.13015403061096364,0.5790870318624474,0.9094827586206896,0.01890483372407305,0.03703974604660688,0.8762627000561076,0.8791943745389234,0.0014090177133655394,126,89298,65701,1266,89424,66967,0.02992494707806787,0.009304534912962084,1.4090177133655395,1217.391304347826,70.97142857142858,Isolation Forest,70,0.002,0.2,99.8,47447,94.894
0.08625418084872315,0.61784245896503,0.9435752125169398,0.11436976421222393,0.20401150711203453,0.8762627000561076,0.8791943745389234,0.0051216675612810875,458,88966,59308,7659,89424,66967,0.1601449740201424,0.074492162396267,5.121667561281088,4425.12077294686,19.524890829694325,Isolation Forest,70,0.005,0.5,99.5,47447,237.235
0.06119665145322129,0.7954997410336911,0.9748364505008279,0.5362641300939268,0.6919060555266555,0.8762627000561076,0.8791943745389234,0.01036634460547504,927,88497,31055,35912,89424,66967,0.3645519276412855,0.6858531951158177,10.366344605475039,8956.521739130434,9.646601941747575,Isolation Forest,70,0.01,1.0,99.0,47447,474.47
0.04201203737370561,0.8827681899853572,0.9645961902214409,0.7538937088416683,0.8463279298610297,0.8762627000561076,0.8791943745389234,0.020721506530685274,1853,87571,16481,50486,89424,66967,0.7430239271281032,0.7633630445108832,20.721506530685275,17903.38164251208,4.825903939557475,Isolation Forest,70,0.02,2.0,98.0,47447,948.94
0.012303525357917285,0.866782615367892,0.9142467180288418,0.7601953200830259,0.830134529147982,0.8762627000561076,0.8791943745389234,0.05339729826444802,4775,84649,16059,50908,89424,66967,0.7505933671178395,0.7685601721199251,53.39729826444802,46135.26570048309,1.872753926701571,Isolation Forest,70,0.05,5.0,95.0,47447,2372.35
-0.02562016774009554,0.8430728110952677,0.8488840644068354,0.7707228933653889,0.8079174754242063,0.8762627000561076,0.8791943745389234,0.10274646627303632,9188,80236,15354,51613,89424,66967,0.7610494579511193,0.7791500181620051,102.74646627303632,88772.94685990339,0.973269481932956,Isolation Forest,70,0.1,10.0,90.0,47447,4744.7
0.7172996321969325,0.8891048717637204,0.9995771755325575,0.7413352845431331,0.8513028045235911,0.8351946931936628,0.8803382407411579,0.00023483628556092325,21,89403,17322,49645,89424,66967,0.7326319840913464,0.7489172650814496,0.23483628556092326,202.8985507246377,425.8285714285714,One-Class SVM,70,0.0001,0.01,99.99,47447,4.7447
0.7111795617573826,0.8891368429129554,0.9995772180950655,0.7414099481834336,0.851352046502855,0.8351946931936628,0.8803382407411579,0.00023483628556092325,21,89403,17317,49650,89424,66967,0.7327282057861313,0.7489731481740199,0.23483628556092326,202.8985507246377,425.8285714285714,One-Class SVM,70,0.0002,0.02,99.98,47447,9.4894
0.6712113082581131,0.8893542467277529,0.9990955319277229,0.7422760464109188,0.8517477724468814,0.8351946931936628,0.8803382407411579,0.000503220611916264,45,89379,17259,49708,89424,66967,0.7335300532426711,0.7498952192014307,0.503220611916264,434.78260869565213,198.72000000000003,One-Class SVM,70,0.0005,0.05,99.95,47447,23.7235
0.6664829102032752,0.889782660127501,0.9989164894257394,0.7434109337434855,0.852429262445957,0.8351946931936628,0.8803382407411579,0.0006038647342995169,54,89370,17183,49784,89424,66967,0.7348450830713965,0.7508731733214116,0.6038647342995169,521.7391304347826,165.60000000000002,One-Class SVM,70,0.001,0.1,99.9,47447,47.447
0.6502373416894047,0.8920078521142522,0.9976745110510415,0.7495482849761823,0.8559929740192191,0.8351946931936628,0.8803382407411579,0.0013083735909822866,117,89307,16772,50195,89424,66967,0.7409391237410995,0.7570482550504345,1.3083735909822867,1130.4347826086955,76.43076923076924,One-Class SVM,70,0.002,0.2,99.8,47447,94.894
0.1704575281613438,0.8926216981795627,0.991766965930921,0.7555064434721579,0.8576635220925404,0.8351946931936628,0.8803382407411579,0.004696725711218465,420,89004,16373,50594,89424,66967,0.7453653217011995,0.7643409986308642,4.696725711218465,4057.9710144927535,21.291428571428572,One-Class SVM,70,0.005,0.5,99.5,47447,237.235
0.06728647582465108,0.8857479010940528,0.9690658616275293,0.757358101751609,0.8502313417823376,0.8351946931936628,0.8803382407411579,0.0181047593487207,1619,87805,16249,50718,89424,66967,0.7472576816986336,0.7661571991394004,18.104759348720698,15642.512077294685,5.523409512044473,One-Class SVM,70,0.01,1.0,99.0,47447,474.47
0.031464890169438584,0.8525170885792661,0.8804332755632582,0.7585975181805964,0.8149871257028725,0.8351946931936628,0.8803382407411579,0.07714931114689569,6899,82525,16166,50801,89424,66967,0.7485085637308359,0.767386627175948,77.14931114689568,66657.00483091788,1.2961878533120743,One-Class SVM,70,0.02,2.0,98.0,47447,948.94
0.008617764639195597,0.8133971903754053,0.794662632186418,0.7608075619334896,0.777366666412371,0.8351946931936628,0.8803382407411579,0.14721998568616926,13165,76259,16018,50949,89424,66967,0.7513310667778562,0.7690631199530582,147.21998568616925,127198.06763285024,0.6792556019749336,One-Class SVM,70,0.05,5.0,95.0,47447,2372.35
-0.0032072604424388486,0.7809464739019509,0.7358833455930076,0.761882718353816,0.7486573734409391,0.8351946931936628,0.8803382407411579,0.20477724100912506,18312,71112,15946,51021,89424,66967,0.7526460966065815,0.7699293078878985,204.77724100912505,176927.53623188406,0.4883355176933159,One-Class SVM,70,0.1,10.0,90.0,47447,4744.7
0.2374277114868164,0.8883615167819626,0.999311448186476,0.7393617021276596,0.8499039778158614,0.8827993397797218,0.9050179972498447,0.000380398299395838,34,89346,17395,49345,89380,66740,0.7318211068211068,0.7459338194054963,0.38039829939583797,328.664130678004,262.8823529411765,LSTM AE,70,0.0001,0.01,99.99,47420,4.742
0.23563550412654877,0.8883871380988982,0.9992306290619749,0.7394815702727,0.8499539313361635,0.8827993397797218,0.9050179972498447,0.0004251510405012307,38,89342,17387,49353,89380,66740,0.7318854568854569,0.7461020751542344,0.4251510405012307,367.3304989930633,235.21052631578948,LSTM AE,70,0.0002,0.02,99.98,47420,9.484
0.23209162056446075,0.8887522418652318,0.9990498524238871,0.7404704824692838,0.8505412801404403,0.8827993397797218,0.9050179972498447,0.0005258447079883643,47,89333,17321,49419,89380,66740,0.7326576576576577,0.747279865395401,0.5258447079883642,454.3298277019467,190.17021276595747,LSTM AE,70,0.0005,0.05,99.95,47420,23.71
0.2102634161710739,0.8898539584934666,0.9986312399355878,0.7433623014683848,0.8522934203745061,0.8827993397797218,0.9050179972498447,0.000760796598791676,68,89312,17128,49612,89380,66740,0.7348455598455599,0.7507851934941111,0.7607965987916759,657.328261356008,131.44117647058826,LSTM AE,70,0.001,0.1,99.9,47420,47.42
0.18423111736774445,0.8898923904688701,0.9967518145727232,0.7448606532813905,0.8525905980414016,0.8827993397797218,0.9050179972498447,0.0018124860147684045,162,89218,17028,49712,89380,66740,0.7354890604890605,0.7530286034772855,1.8124860147684045,1565.9879167599015,55.17283950617284,LSTM AE,70,0.002,0.2,99.8,47420,94.84
0.16708999872207642,0.8887714578529337,0.990971103553885,0.7466137249026071,0.851610367192774,0.8827993397797218,0.9050179972498447,0.005079436115462072,454,88926,16911,49829,89380,66740,0.736969111969112,0.7550196298373528,5.079436115462072,4388.63280375923,19.687224669603527,LSTM AE,70,0.005,0.5,99.5,47420,237.1
0.1583680659532547,0.8889444017422495,0.9824037184594954,0.7537159124962541,0.8529980329647968,0.8827993397797218,0.9050179972498447,0.010080554933989707,901,88479,16437,50303,89380,66740,0.7440797940797941,0.7621144139091419,10.080554933989706,8709.599462967108,9.920088790233075,LSTM AE,70,0.01,1.0,99.0,47420,474.2
0.15025877952575684,0.8841660261337433,0.9678101684485809,0.7541204674857657,0.8477059893552517,0.8827993397797218,0.9050179972498447,0.01872902215260685,1674,87706,16410,50330,89380,66740,0.7443693693693694,0.7626191811553561,18.72902215260685,16181.875139852318,5.339307048984468,LSTM AE,70,0.02,2.0,98.0,47420,948.4
0.13435663282871246,0.8669869331283628,0.9190120306234051,0.7554240335630806,0.8292269736842105,0.8827993397797218,0.9050179972498447,0.049709107182814946,4443,84937,16323,50417,89380,66740,0.745945945945946,0.763684800897364,49.70910718281495,42948.668605952116,2.0117038037362143,LSTM AE,70,0.05,5.0,95.0,47420,2371.0
0.09944414347410202,0.8445042275172944,0.8482596857264705,0.7748726400958945,0.8099071304402299,0.8827993397797218,0.9050179972498447,0.10350190199149698,9251,80129,15025,51715,89380,66740,0.7657335907335907,0.7828379136287157,103.50190199149698,89425.64332065338,0.9661658199113611,LSTM AE,70,0.1,10.0,90.0,47420,4742.0
763.8838582558966,0.7492694592399819,0.9992445227902291,0.41477145459704035,0.5862141741589634,0.8769142907738481,0.9009405534709258,0.00023483628556092325,21,89403,39191,27776,89424,66967,0.7326319840913464,0.1378635893710358,0.23483628556092326,202.8985507246377,425.8285714285714,Hybrid AE,70,0.0001,0.01,99.99,47447,4.7447
604.3537850452195,0.787781905608379,0.9993790656416321,0.5047112757029582,0.6707015785766022,0.8769142907738481,0.9009405534709258,0.00023483628556092325,21,89403,33168,33799,89424,66967,0.7327282057861313,0.30607169800776773,0.23483628556092326,202.8985507246377,425.8285714285714,Hybrid AE,70,0.0002,0.02,99.98,47447,9.4894
381.1090768382888,0.8559571842369446,0.9994380759721285,0.6639837531918706,0.7978861803206618,0.8769142907738481,0.9009405534709258,0.0002795670066201467,25,89399,22502,44465,89424,66967,0.7330810186670088,0.6037888736762692,0.2795670066201467,241.54589371980674,357.696,Hybrid AE,70,0.0005,0.05,99.95,47447,23.7235
170.22224660659893,0.8874807373825859,0.999292071197411,0.7377514298087118,0.8488321149071791,0.8769142907738481,0.9009405534709258,0.0003913938092682054,35,89389,17562,49405,89424,66967,0.7348130091731349,0.7403112688256168,0.39139380926820544,338.1642512077295,255.49714285714285,Hybrid AE,70,0.001,0.1,99.9,47447,47.447
96.70924626392848,0.8908568907417946,0.9973883572567783,0.7470694521182075,0.8542692974292861,0.8769142907738481,0.9009405534709258,0.0014649311146895689,131,89293,16938,50029,89424,66967,0.7396240939123742,0.7535555617647881,1.464931114689569,1265.7004830917874,68.26259541984733,Hybrid AE,70,0.002,0.2,99.8,47447,94.894
42.37046444242199,0.8923211693767544,0.9914893617021276,0.7550136634461749,0.8572421627303708,0.8769142907738481,0.9009405534709258,0.004853283234925747,434,88990,16406,50561,89424,66967,0.7452370261081532,0.7635306937885943,4.8532832349257475,4193.236714975846,20.604608294930877,Hybrid AE,70,0.005,0.5,99.5,47447,237.235
29.655211047488006,0.8899297274139816,0.9828794378554652,0.7561186853226216,0.8547145606157793,0.8769142907738481,0.9009405534709258,0.009863123993558777,882,88542,16332,50635,89424,66967,0.7459747257681698,0.764955712649138,9.863123993558776,8521.739130434784,10.138775510204082,Hybrid AE,70,0.01,1.0,99.0,47447,474.47
17.84893141143546,0.8816491997621346,0.9558093159756189,0.758687114548957,0.845916269157447,0.8769142907738481,0.9009405534709258,0.026268115942028984,2349,87075,16160,50807,89424,66967,0.7482198986464815,0.7678057503702255,26.268115942028984,22695.652173913044,3.8068965517241384,Hybrid AE,70,0.02,2.0,98.0,47447,948.94
11.761407873422229,0.8626903082658209,0.8994047514530035,0.764884196693894,0.8267079843122065,0.8769142907738481,0.9009405534709258,0.06406557523707282,5729,83695,15745,51222,89424,66967,0.7554044518570787,0.7731425857106933,64.06557523707282,55352.657004830915,1.5609006807470764,Hybrid AE,70,0.05,5.0,95.0,47447,2372.35
8.301206649742975,0.8385456963636014,0.8354589169977001,0.7757253572655188,0.8044848466077154,0.8769142907738481,0.9009405534709258,0.11441000178922885,10231,79193,15019,51948,89424,66967,0.7672076464173455,0.7831456592807846,114.41000178922884,98850.24154589372,0.8740494575310331,Hybrid AE,70,0.1,10.0,90.0,47447,4744.7
0.12178477644920349,0.8893414582680589,0.9994970931986884,0.7419475263935968,0.8516772656370524,0.8929643447145541,0.9115260740450251,0.0002795670066201467,25,89399,17281,49686,89424,66967,0.7326319840913464,0.7500628684791416,0.2795670066201467,241.54589371980674,357.696,Dense AE,71,0.0001,0.01,99.99,47447,4.7447
0.11545112729072571,0.8894565544053047,0.9990757670129192,0.7425299027879403,0.8519076907262416,0.8929643447145541,0.9115260740450251,0.00051440329218107,46,89378,17242,49725,89424,66967,0.732984796972224,0.7508452317751264,0.51440329218107,444.44444444444446,194.4,Dense AE,71,0.0002,0.02,99.98,47447,9.4894
0.11183250695466995,0.8898018428170419,0.9988965351202777,0.743470664655726,0.8524612618782639,0.8929643447145541,0.9115260740450251,0.0006150474145643227,55,89369,17179,49788,89424,66967,0.7335942010391943,0.752074659811674,0.6150474145643228,531.4009661835748,162.58909090909094,Dense AE,71,0.0005,0.05,99.95,47447,23.7235
0.10911475867033005,0.8903133812048007,0.9986585780927784,0.7448444756372542,0.8532767675385325,0.8929643447145541,0.9115260740450251,0.0007492395777419932,67,89357,17087,49880,89424,66967,0.7350375264609661,0.753387912487077,0.7492395777419932,647.3429951690821,133.4686567164179,Dense AE,71,0.001,0.1,99.9,47447,47.447
0.08758742362260818,0.8902366504466369,0.9965501425808124,0.7462481520749026,0.853424868077258,0.8929643447145541,0.9115260740450251,0.0019346036858114153,173,89251,16993,49974,89424,66967,0.7359355956122907,0.7552320545418983,1.9346036858114153,1671.497584541063,51.690173410404626,Dense AE,71,0.002,0.2,99.8,47447,94.894
0.07698120921850204,0.8923339578364484,0.9917789942511821,0.7548195379813938,0.8572252276697135,0.8929643447145541,0.9115260740450251,0.004685543030953659,419,89005,16419,50548,89424,66967,0.7446917698377061,0.7636424599737349,4.685543030953659,4048.3091787439616,21.342243436754178,Dense AE,71,0.005,0.5,99.5,47447,237.235
0.0638955757021904,0.889782660127501,0.9832283893034826,0.7554915107440978,0.8544455046739231,0.8929643447145541,0.9115260740450251,0.009650653068527465,863,88561,16374,50593,89424,66967,0.7453011739046764,0.7643689401771494,9.650653068527465,8338.16425120773,10.36199304750869,Dense AE,71,0.01,1.0,99.0,47447,474.47
0.05065128579735756,0.8846544877902182,0.9671019971741703,0.756357608971583,0.8488449066121451,0.8929643447145541,0.9115260740450251,0.019267758096260513,1723,87701,16316,50651,89424,66967,0.7463275386490474,0.7650954203805639,19.26775809626051,16647.34299516908,5.190017411491584,Dense AE,71,0.02,2.0,98.0,47447,948.94
0.047051046043634415,0.867722567155399,0.9199484592210809,0.7569549180939866,0.8305302738615046,0.8929643447145541,0.9115260740450251,0.049326802648058686,4411,85013,16276,50691,89424,66967,0.7471935339021104,0.7654586604822711,49.32680264805869,42618.3574879227,2.027295397868964,Dense AE,71,0.05,5.0,95.0,47447,2372.35
0.027868453413248062,0.8440319455723155,0.8466963078777219,0.7763226663879224,0.8099837965848187,0.8929643447145541,0.9115260740450251,0.10526256933261764,9413,80011,14979,51988,89424,66967,0.7675925331964847,0.7839280225767694,105.26256933261764,90946.85990338164,0.9500053118028259,Dense AE,71,0.1,10.0,90.0,47447,4744.7
0.17009366266689183,0.5734025615284767,0.9771863117870723,0.0038377111114429496,0.007645396400416481,0.8636888172680357,0.8440482233189858,6.709608158883521e-05,6,89418,66710,257,89424,66967,0.007601513887997948,0.0005588309257034285,0.06709608158883522,57.971014492753625,1490.4,Isolation Forest,71,0.0001,0.01,99.99,47447,4.7447
0.16281773796639695,0.5737158787909791,0.9716981132075472,0.004614212970567593,0.00918481087909638,0.8636888172680357,0.8440482233189858,0.00010064412238325282,9,89415,66658,309,89424,66967,0.00878824812367695,0.0009779541199809998,0.10064412238325282,86.95652173913044,993.6,Isolation Forest,71,0.0002,0.02,99.98,47447,9.4894
0.16064055220517937,0.5743744844652185,0.9428571428571428,0.006406140337778309,0.012725816499065587,0.8636888172680357,0.8440482233189858,0.0002907496868849526,26,89398,66538,429,89424,66967,0.010552312528064661,0.002794154628517142,0.2907496868849526,251.20772946859904,343.9384615384615,Isolation Forest,71,0.0005,0.05,99.95,47447,23.7235
0.15650433699059652,0.5754615035392062,0.9269746646795827,0.009288156853375543,0.01839202814985659,0.8636888172680357,0.8440482233189858,0.0005479513329754875,49,89375,66345,622,89424,66967,0.01401629354031689,0.005169186062756713,0.5479513329754876,473.4299516908212,182.4979591836735,Isolation Forest,71,0.001,0.1,99.9,47447,47.447
0.1414984831856035,0.5779296762601428,0.8895207148659626,0.01635133722579778,0.032112378662130854,0.8636888172680357,0.8440482233189858,0.001520844516013598,136,89288,65872,1095,89424,66967,0.02373468471358009,0.009919248931235854,1.5208445160135982,1314.0096618357488,65.7529411764706,Isolation Forest,71,0.002,0.2,99.8,47447,94.894
0.10081228422046737,0.590257751405132,0.880368906455863,0.04989024444875834,0.09442921341963201,0.8636888172680357,0.8440482233189858,0.005076936840221864,454,88970,63626,3341,89424,66967,0.08239784463403682,0.021570873732152336,5.076936840221864,4386.47342995169,19.696916299559472,Isolation Forest,71,0.005,0.5,99.5,47447,237.235
0.0727647263245664,0.6252853425069218,0.9032102573990167,0.13990472919497662,0.24228083785880528,0.8636888172680357,0.8440482233189858,0.011227410985865093,1004,88420,57598,9369,89424,66967,0.21492719225094617,0.07454804548883735,11.227410985865093,9700.48309178744,8.906772908366534,Isolation Forest,71,0.01,1.0,99.0,47447,474.47
0.054290228647307794,0.6866699490379882,0.9104784535941142,0.2975196738692192,0.44848621271806416,0.8636888172680357,0.8440482233189858,0.021906870638754697,1959,87465,47043,19924,89424,66967,0.40547822182308035,0.2034703400486183,21.906870638754697,18927.53623188406,4.564777947932619,Isolation Forest,71,0.02,2.0,98.0,47447,948.94
0.013401495680435275,0.8651265098375226,0.910233939047074,0.7599713291621246,0.8283433296169402,0.8636888172680357,0.8440482233189858,0.056125872249060654,5019,84405,16074,50893,89424,66967,0.7507858105074091,0.7679733996479365,56.125872249060656,48492.75362318841,1.7817095038852362,Isolation Forest,71,0.05,5.0,95.0,47447,2372.35
-0.019738176764849784,0.841550984391685,0.8464937496920019,0.7695133423925217,0.8061700197115235,0.8636888172680357,0.8440482233189858,0.10450214707461085,9345,80079,15435,51532,89424,66967,0.7599589454102251,0.7778367654866021,104.50214707461085,90289.85507246378,0.9569181380417335,Isolation Forest,71,0.1,10.0,90.0,47447,4744.7
0.6712111720671342,0.8891176602234144,0.9995168498610943,0.7414099481834336,0.8513301497758078,0.8376688796126697,0.8812396497827946,0.00026838432635534085,24,89400,17317,49650,89424,66967,0.7326319840913464,0.7490569728128754,0.2683843263553409,231.8840579710145,372.6,One-Class SVM,71,0.0001,0.01,99.99,47447,4.7447
0.6602371555378437,0.8891624198323433,0.9995169179364345,0.7415144772798543,0.8513990809958165,0.8376688796126697,0.8812396497827946,0.00026838432635534085,24,89400,17310,49657,89424,66967,0.7327282057861313,0.7491687389980162,0.2683843263553409,231.8840579710145,372.6,One-Class SVM,71,0.0002,0.02,99.98,47447,9.4894
0.6098554925908998,0.889757083208113,0.9991968839095692,0.743142144638404,0.8523545682649243,0.8376688796126697,0.8812396497827946,0.00044730721059223476,40,89384,17201,49766,89424,66967,0.7335942010391943,0.7514599457934003,0.44730721059223477,386.47342995169083,223.56,One-Class SVM,71,0.0005,0.05,99.95,47447,23.7235
0.6066243207743123,0.8907609772940898,0.9984611387573196,0.7460390938820614,0.8539878978496461,0.8376688796126697,0.8812396497827946,0.0008610663803900519,77,89347,17007,49960,89424,66967,0.7364487779844763,0.7543938081533432,0.8610663803900519,743.9613526570048,116.13506493506495,One-Class SVM,71,0.001,0.1,99.9,47447,47.447
0.5949983278801397,0.8926536693287976,0.9974226293146177,0.7512506159750325,0.8570090114644907,0.8376688796126697,0.8812396497827946,0.001453748434424763,130,89294,16658,50309,89424,66967,0.7421258579767785,0.7591997541143927,1.453748434424763,1256.0386473429953,68.78769230769231,One-Class SVM,71,0.002,0.2,99.8,47447,94.894
0.1582500782301381,0.8926472750989507,0.9919990587127897,0.7553869816476773,0.8576732988021465,0.8376688796126697,0.8812396497827946,0.004562533548040795,408,89016,16381,50586,89424,66967,0.7453011739046764,0.7641733493531532,4.562533548040795,3942.0289855072465,21.91764705882353,One-Class SVM,71,0.005,0.5,99.5,47447,237.235
0.05843381848835499,0.8848591031453217,0.9667302192564347,0.7571639762868279,0.8492090740849293,0.8376688796126697,0.8812396497827946,0.019513777062086242,1745,87679,16262,50705,89424,66967,0.7470331644108025,0.7659895498616893,19.51377706208624,16859.903381642514,5.12458452722063,One-Class SVM,71,0.01,1.0,99.0,47447,474.47
0.029485876231427465,0.8550044439897436,0.8868682633684468,0.7580898054265534,0.8174382094839385,0.8376688796126697,0.8812396497827946,0.0724190373948828,6476,82948,16200,50767,89424,66967,0.7480916030534351,0.7667998547039593,72.41903739488279,62570.04830917874,1.3808523780111182,One-Class SVM,71,0.02,2.0,98.0,47447,948.94
0.009289624362225798,0.8180394012443172,0.8043210266784676,0.7599414637060045,0.7815017007194466,0.8376688796126697,0.8812396497827946,0.13845276435856146,12381,77043,16076,50891,89424,66967,0.7505933671178395,0.7680851658330772,138.45276435856147,119623.1884057971,0.7222679912769566,One-Class SVM,71,0.05,5.0,95.0,47447,2372.35
-0.0033894518325373723,0.7840348869180451,0.7413752981557973,0.7611808801349919,0.7511475578936511,0.8376688796126697,0.8812396497827946,0.19885042046877796,17782,71642,15993,50974,89424,66967,0.7521008403361344,0.7690910614993434,198.85042046877797,171806.76328502415,0.5028905634911709,One-Class SVM,71,0.1,10.0,90.0,47447,4744.7
0.23737561702728271,0.8883551114527287,0.9992912110166059,0.7393617021276596,0.8498966586290044,0.8825261670933511,0.9049028478396176,0.00039158648467218615,35,89345,17395,49345,89380,66740,0.7318211068211068,0.7459338194054963,0.39158648467218615,338.3307227567688,255.3714285714286,LSTM AE,71,0.0001,0.01,99.99,47420,4.742
0.2355823516845703,0.8883807327696643,0.999230613484511,0.73946658675457,0.8499440282442091,0.8825261670933511,0.9049028478396176,0.0004251510405012307,38,89342,17388,49352,89380,66740,0.7318532818532818,0.7461020751542344,0.4251510405012307,367.3304989930633,235.21052631578948,LSTM AE,71,0.0002,0.02,99.98,47420,9.484
0.23203875124454498,0.8887522418652318,0.9990498524238871,0.7404704824692838,0.8505412801404403,0.8825261670933511,0.9049028478396176,0.0005258447079883643,47,89333,17321,49419,89380,66740,0.7326576576576577,0.747279865395401,0.5258447079883642,454.3298277019467,190.17021276595747,LSTM AE,71,0.0005,0.05,99.95,47420,23.71
0.21017122268676758,0.8898539584934666,0.9986312399355878,0.7433623014683848,0.8522934203745061,0.8825261670933511,0.9049028478396176,0.000760796598791676,68,89312,17128,49612,89380,66740,0.7348455598455599,0.7507851934941111,0.7607965987916759,657.328261356008,131.44117647058826,LSTM AE,71,0.001,0.1,99.9,47420,47.42
0.18409699201583862,0.8898923904688701,0.9967119772244276,0.7448906203176506,0.8525956541871752,0.8825261670933511,0.9049028478396176,0.001834862385321101,164,89216,17026,49714,89380,66740,0.7354890604890605,0.7530846887268648,1.834862385321101,1585.3211009174313,54.5,LSTM AE,71,0.002,0.2,99.8,47420,94.84
0.16712045669555664,0.8887522418652318,0.990990095071403,0.7465537908300869,0.8515783896494556,0.8825261670933511,0.9049028478396176,0.005068247930185724,453,88927,16915,49825,89380,66740,0.736904761904762,0.7549635445877734,5.068247930185724,4378.966211680466,19.73068432671082,LSTM AE,71,0.005,0.5,99.5,47420,237.1
0.15833811461925507,0.8889123750960799,0.9822889613559587,0.7537308960143841,0.8529643665589949,0.8825261670933511,0.9049028478396176,0.010147684045647795,907,88473,16436,50304,89380,66740,0.7441119691119691,0.7621144139091419,10.147684045647795,8767.599015439695,9.85446527012128,LSTM AE,71,0.01,1.0,99.0,47420,474.2
0.15033327043056488,0.8842557007430182,0.9681067979840726,0.7540905004495055,0.8478008186917777,0.8825261670933511,0.9049028478396176,0.018550011188185278,1658,87722,16412,50328,89380,66740,0.7443371943371944,0.7625911385305665,18.550011188185277,16027.20966659208,5.390832328106152,LSTM AE,71,0.02,2.0,98.0,47420,948.4
0.13438156247138977,0.8670381757622342,0.919146065777,0.7554240335630806,0.8292815316797157,0.8825261670933511,0.9049028478396176,0.049619601700604164,4435,84945,16323,50417,89380,66740,0.745945945945946,0.763684800897364,49.619601700604164,42871.335869322,2.0153325817361893,LSTM AE,71,0.05,5.0,95.0,47420,2371.0
0.0994725152850151,0.8444401742249552,0.8482690730106645,0.7746778543602038,0.8098049964758399,0.8825261670933511,0.9049028478396176,0.10346833743566794,9248,80132,15038,51702,89380,66740,0.7655727155727156,0.7826135726303982,103.46833743566793,89396.6435444171,0.9664792387543253,LSTM AE,71,0.1,10.0,90.0,47420,4742.0
634.3265942876864,0.8751910276166787,0.999557801642451,0.7088416682843789,0.8294643403199455,0.8719066201902672,0.8987089923132036,0.00023483628556092325,21,89403,19498,47469,89424,66967,0.7327602796843928,0.6880046941797759,0.23483628556092326,202.8985507246377,425.8285714285714,Hybrid AE,71,0.0001,0.01,99.99,47447,4.7447
552.8386845781088,0.8804342960912073,0.9995446265938069,0.7211014380217122,0.8377935270083884,0.8719066201902672,0.8987089923132036,0.0002460189658257291,22,89402,18677,48290,89424,66967,0.7328885752774392,0.710832937494761,0.2460189658257291,212.56038647342993,406.4727272727273,Hybrid AE,71,0.0002,0.02,99.98,47447,9.4894
469.53715010772277,0.8835354975669956,0.9993444906487494,0.7284931384114564,0.8426898362468044,0.8719066201902672,0.8987089923132036,0.0003578457684737878,32,89392,18182,48785,89424,66967,0.7330489447687472,0.7245242951744949,0.3578457684737878,309.17874396135267,279.45000000000005,Hybrid AE,71,0.0005,0.05,99.95,47447,23.7235
317.04502746749625,0.8879411219315689,0.9986887759218914,0.7392745680708409,0.8496211568659419,0.8719066201902672,0.8987089923132036,0.0007268742172123815,65,89359,17460,49507,89424,66967,0.7349733786644429,0.7430215988152784,0.7268742172123815,628.0193236714977,137.57538461538462,Hybrid AE,71,0.001,0.1,99.9,47447,47.447
187.29495196401706,0.8892263621308132,0.9969965760967503,0.7435453282960264,0.8518176374989308,0.8719066201902672,0.8987089923132036,0.0016774020397208804,150,89274,17174,49793,89424,66967,0.7362884084931682,0.7498672776551454,1.6774020397208804,1449.2753623188407,59.616,Hybrid AE,71,0.002,0.2,99.8,47447,94.894
104.59891264684968,0.8898721793453588,0.9915803620839592,0.7491749667746801,0.8534998256254094,0.8719066201902672,0.8987089923132036,0.0047638217928073,426,88998,16797,50170,89424,66967,0.7401052023862981,0.7570761965967197,4.763821792807301,4115.942028985508,20.991549295774647,Hybrid AE,71,0.005,0.5,99.5,47447,237.235
46.157582494948024,0.8896164101514793,0.9819641610425879,0.7561037525945615,0.8543587753414719,0.8719066201902672,0.8987089923132036,0.010399892646269457,930,88494,16333,50634,89424,66967,0.7461671691577394,0.7647601218251419,10.399892646269457,8985.50724637681,9.615483870967743,Hybrid AE,71,0.01,1.0,99.0,47447,474.47
28.289905379847866,0.8845585743425133,0.964184713496688,0.7585825854525363,0.849114948100356,0.8719066201902672,0.8987089923132036,0.021101717659688674,1887,87537,16167,50800,89424,66967,0.748733081018667,0.7671630948056666,21.101717659688674,18231.884057971016,4.7389507154213035,Hybrid AE,71,0.02,2.0,98.0,47447,948.94
16.194829609378047,0.86634141350845,0.9024181430618164,0.7712604715755521,0.8317002278564585,0.8719066201902672,0.8987089923132036,0.062455269278940774,5585,83839,15318,51649,89424,66967,0.762428635576368,0.7789544273380089,62.455269278940776,53961.35265700483,1.601145926589078,Hybrid AE,71,0.05,5.0,95.0,47447,2372.35
12.37323201610616,0.840611032604178,0.8382575391844486,0.7778607373781116,0.8069305780387115,0.8719066201902672,0.8987089923132036,0.11239711934156378,10051,79373,14876,52091,89424,66967,0.7686509718391173,0.7858839308167314,112.39711934156378,97111.11111111111,0.8897025171624715,Hybrid AE,71,0.1,10.0,90.0,47447,4744.7
0.1349950134754181,0.8892327563606601,0.9993562404441941,0.7417981991129959,0.8515277480179987,0.8914683950921336,0.910870292051567,0.0003578457684737878,32,89392,17291,49676,89424,66967,0.7326640579896081,0.7497555114700047,0.3578457684737878,309.17874396135267,279.45000000000005,Dense AE,72,0.0001,0.01,99.99,47447,4.7447
0.1319955736398697,0.8892455448203541,0.9993160880234944,0.7418579300252363,0.8515525235471071,0.8914683950921336,0.910870292051567,0.0003802111290033995,34,89390,17287,49680,89424,66967,0.7326961318878696,0.7498393361088602,0.38021112900339954,328.5024154589372,263.0117647058824,Dense AE,72,0.0002,0.02,99.98,47447,9.4894
0.12875746190547943,0.8894693428649987,0.9991560333567768,0.7425000373318201,0.8519172120755234,0.8914683950921336,0.910870292051567,0.0004696725711218465,42,89382,17244,49723,89424,66967,0.7335942010391943,0.7502584593031378,0.4696725711218465,405.7971014492754,212.9142857142857,Dense AE,72,0.0005,0.05,99.95,47447,23.7235
0.11021871864795685,0.8905435734792922,0.9985199111946716,0.745486582943838,0.8536472760849492,0.8914683950921336,0.910870292051567,0.0008275183395956342,74,89350,17044,49923,89424,66967,0.7356469305279364,0.7540585095979212,0.8275183395956343,714.9758454106279,120.84324324324325,Dense AE,72,0.001,0.1,99.9,47447,47.447
0.08545956760644913,0.8906139100076091,0.9967916782910207,0.7469499902937268,0.8539722916968988,0.8914683950921336,0.910870292051567,0.001800411522633745,161,89263,16946,50021,89424,66967,0.7366091474757842,0.7559585347453128,1.800411522633745,1555.5555555555557,55.542857142857144,Dense AE,72,0.002,0.2,99.8,47447,94.894
0.07896792888641357,0.8923339578364484,0.9917789942511821,0.7548195379813938,0.8572252276697135,0.8914683950921336,0.910870292051567,0.004685543030953659,419,89005,16419,50548,89424,66967,0.7447238437359677,0.7636145184274498,4.685543030953659,4048.3091787439616,21.342243436754178,Dense AE,72,0.005,0.5,99.5,47447,237.235
0.05944472551345825,0.8898529966558177,0.9831005613721567,0.7557602998491795,0.8545690936106983,0.8914683950921336,0.910870292051567,0.009728931830381106,870,88554,16356,50611,89424,66967,0.7454936172942459,0.7647042387325714,9.728931830381105,8405.797101449276,10.278620689655174,Dense AE,72,0.01,1.0,99.0,47447,474.47
0.045631326735019684,0.8841941032412352,0.9630724901425538,0.7586423163647766,0.848720754433298,0.8914683950921336,0.910870292051567,0.02178386115584183,1948,87476,16163,50804,89424,66967,0.7486047854256206,0.767386627175948,21.78386115584183,18821.25603864734,4.590554414784394,Dense AE,72,0.02,2.0,98.0,47447,948.94
0.03979186341166496,0.8662327116010512,0.9124079746359288,0.7606283691967686,0.8296333697086177,0.8914683950921336,0.910870292051567,0.0546833064949007,4890,84534,16030,50937,89424,66967,0.7509141061004555,0.7690910614993434,54.6833064949007,47246.3768115942,1.8287116564417178,Dense AE,72,0.05,5.0,95.0,47447,2372.35
0.032241128385066986,0.8422671381345473,0.8429852585829428,0.7762181372915018,0.8082251418798103,0.8914683950921336,0.910870292051567,0.10827071032385042,9682,79742,14986,51981,89424,66967,0.7676246070947463,0.783704490206488,108.27071032385042,93545.89371980677,0.9236108242098741,Dense AE,72,0.1,10.0,90.0,47447,4744.7
0.157678868381667,0.5718359752159651,0.8,0.00011946182448071439,0.00023888797646953432,0.8717908770198521,0.8637877550271984,2.2365360529611736e-05,2,89422,66959,8,89424,66967,0.00016036949130797358,8.382463885551427e-05,0.022365360529611737,19.32367149758454,4471.200000000001,Isolation Forest,72,0.0001,0.01,99.99,47447,4.7447
0.15663352624769256,0.5719127059741289,0.8461538461538461,0.00032852001732196456,0.000656785037242697,0.8717908770198521,0.8637877550271984,4.473072105922347e-05,4,89420,66945,22,89424,66967,0.000449034575662326,0.00022353237028137137,0.044730721059223474,38.64734299516908,2235.6000000000004,Isolation Forest,72,0.0002,0.02,99.98,47447,9.4894
0.15416922976101882,0.5720341963412217,0.8363636363636363,0.0006869054907641077,0.0013726835964310226,0.8717908770198521,0.8637877550271984,0.00010064412238325282,9,89415,66921,46,89424,66967,0.0008018474565398678,0.0005867724719885998,0.10064412238325282,86.95652173913044,993.6,Isolation Forest,72,0.0005,0.05,99.95,47447,23.7235
0.14416028918214285,0.5744128498443005,0.9131313131313131,0.006749593083160362,0.013400136373069284,0.8717908770198521,0.8637877550271984,0.00048085525138665236,43,89381,66515,452,89424,66967,0.010648534222849445,0.0033529855542205706,0.48085525138665236,415.45893719806764,207.96279069767442,Isolation Forest,72,0.001,0.1,99.9,47447,47.447
0.13171171303809812,0.5773541955739141,0.8910891089108911,0.014783400779488405,0.029084285672317047,0.8717908770198521,0.8637877550271984,0.0013531043120415102,121,89303,65977,990,89424,66967,0.02020655590480467,0.010058956662661711,1.3531043120415103,1169.0821256038648,73.90413223140496,Isolation Forest,72,0.002,0.2,99.8,47447,94.894
0.09699839601865012,0.5894776553637997,0.8822228366049212,0.04765033523974495,0.0904170916921682,0.8717908770198521,0.8637877550271984,0.0047638217928073,426,88998,63776,3191,89424,66967,0.06501379177625248,0.032523959875939534,4.763821792807301,4115.942028985508,20.991549295774647,Isolation Forest,72,0.005,0.5,99.5,47447,237.235
0.06787947909474035,0.6506384638502216,0.9363674971687429,0.19754505950692133,0.32625932548245884,0.8717908770198521,0.8637877550271984,0.010053229558060477,899,88525,53738,13229,89424,66967,0.1377894669318109,0.2496018329654363,10.053229558060476,8685.990338164253,9.947052280311457,Isolation Forest,72,0.01,1.0,99.0,47447,474.47
0.04555475094860541,0.8497675697450621,0.9615449951161507,0.6761987247450236,0.7940137294956208,0.8717908770198521,0.8637877550271984,0.02025183395956343,1811,87613,21684,45283,89424,66967,0.5864712297132594,0.7543658666070581,20.251833959563427,17497.584541062803,4.937824406405301,Isolation Forest,72,0.02,2.0,98.0,47447,948.94
0.013896791485898395,0.867262182606416,0.9158237644433246,0.7598518673376439,0.8305788833663867,0.8717908770198521,0.8637877550271984,0.05230139559849705,4677,84747,16082,50885,89424,66967,0.7504329976265315,0.768057224286792,52.30139559849705,45188.405797101455,1.9119948685054522,Isolation Forest,72,0.05,5.0,95.0,47447,2372.35
-0.030513612113426746,0.8424142054210281,0.8481687452696699,0.7697821314976033,0.8070765979098986,0.8717908770198521,0.8637877550271984,0.10319377348362856,9228,80196,15417,51550,89424,66967,0.7606966450702418,0.7776970577551762,103.19377348362856,89159.42028985507,0.9690507152145644,Isolation Forest,72,0.1,10.0,90.0,47447,4744.7
0.7409886013915483,0.8890920833040264,0.9995771585051546,0.741305419087013,0.8512831065497166,0.8351207470169753,0.8802994020237127,0.00023483628556092325,21,89403,17324,49643,89424,66967,0.7326319840913464,0.7488613819888793,0.23483628556092326,202.8985507246377,425.8285714285714,One-Class SVM,72,0.0001,0.01,99.99,47447,4.7447
0.7238816254249314,0.8890665063846385,0.9993760064412238,0.7413950154553736,0.8512692139532092,0.8351207470169753,0.8802994020237127,0.00034666308820898193,31,89393,17318,49649,89424,66967,0.7326319840913464,0.7490290312665903,0.34666308820898195,299.5169082125604,288.4645161290323,One-Class SVM,72,0.0002,0.02,99.98,47447,9.4894
0.7078567349186546,0.8892263621308132,0.9991955433099371,0.7419027282094166,0.8515382637758163,0.8351207470169753,0.8802994020237127,0.00044730721059223476,40,89384,17284,49683,89424,66967,0.7332093142600552,0.749476096007153,0.44730721059223477,386.47342995169083,223.56,One-Class SVM,72,0.0005,0.05,99.95,47447,23.7235
0.6949023235908814,0.8899616985632166,0.9989170978221634,0.7438290501291681,0.8527042873160836,0.8351207470169753,0.8802994020237127,0.0006038647342995169,54,89370,17155,49812,89424,66967,0.7354224132401052,0.7511525887842633,0.6038647342995169,521.7391304347826,165.60000000000002,One-Class SVM,72,0.001,0.1,99.9,47447,47.447
0.6666851640215508,0.8919630925053232,0.9976741874565153,0.7494437558797616,0.8559246879050413,0.8351207470169753,0.8802994020237127,0.0013083735909822866,117,89307,16779,50188,89424,66967,0.740907049842838,0.7568806057727234,1.3083735909822867,1130.4347826086955,76.43076923076924,One-Class SVM,72,0.002,0.2,99.8,47447,94.894
0.1882324266901601,0.8926344866392567,0.9918829895694455,0.7554467125599176,0.8576684100329742,0.8351207470169753,0.8802994020237127,0.004629629629629629,414,89010,16377,50590,89424,66967,0.745333247802938,0.7642571739920088,4.62962962962963,4000.0,21.6,One-Class SVM,72,0.005,0.5,99.5,47447,237.235
0.07612863366514382,0.8872057854991655,0.9734513274336283,0.7572386399271283,0.851839408701495,0.8351207470169753,0.8802994020237127,0.015465646806226516,1383,88041,16257,50710,89424,66967,0.7470652383090641,0.7661013160468301,15.465646806226516,13362.31884057971,6.465943600867679,One-Class SVM,72,0.01,1.0,99.0,47447,474.47
0.03752600972562944,0.8588090107487004,0.8957223965863808,0.7585825854525363,0.8214681317259724,0.8351207470169753,0.8802994020237127,0.0661343710860619,5914,83510,16167,50800,89424,66967,0.7484123420360511,0.7674425102685183,66.1343710860619,57140.096618357486,1.512073047007102,One-Class SVM,72,0.02,2.0,98.0,47447,948.94
0.00888034169584424,0.8131222384919848,0.794038362653287,0.7609568892140905,0.7771457329347893,0.8351207470169753,0.8802994020237127,0.14781266774020396,13218,76206,16008,50959,89424,66967,0.7515555840656873,0.7691469445919137,147.81266774020395,127710.14492753622,0.6765320018157059,One-Class SVM,72,0.05,5.0,95.0,47447,2372.35
-0.002983891321123521,0.7807482527766944,0.7355408834044517,0.7619125838099362,0.7484945171819415,0.8351207470169753,0.8802994020237127,0.20514626945786366,18345,71079,15944,51023,89424,66967,0.7527102444031047,0.7699293078878985,205.14626945786367,177246.3768115942,0.4874570727718725,One-Class SVM,72,0.1,10.0,90.0,47447,4744.7
0.2373785674571991,0.8883615167819626,0.999311448186476,0.7393617021276596,0.8499039778158614,0.8826170782233523,0.9049461771317552,0.000380398299395838,34,89346,17395,49345,89380,66740,0.7318211068211068,0.7459338194054963,0.38039829939583797,328.664130678004,262.8823529411765,LSTM AE,72,0.0001,0.01,99.99,47420,4.742
0.23558087646961212,0.8883871380988982,0.9992306290619749,0.7394815702727,0.8499539313361635,0.8826170782233523,0.9049461771317552,0.0004251510405012307,38,89342,17387,49353,89380,66740,0.7318854568854569,0.7461020751542344,0.4251510405012307,367.3304989930633,235.21052631578948,LSTM AE,72,0.0002,0.02,99.98,47420,9.484
0.2320370376110077,0.8887586471944658,0.9990498716315928,0.7404854659874138,0.8505511716161677,0.8826170782233523,0.9049461771317552,0.0005258447079883643,47,89333,17320,49420,89380,66740,0.7326576576576577,0.7473079080201906,0.5258447079883642,454.3298277019467,190.17021276595747,LSTM AE,72,0.0005,0.05,99.95,47420,23.71
0.21016047894954681,0.8898539584934666,0.9986312399355878,0.7433623014683848,0.8522934203745061,0.8826170782233523,0.9049461771317552,0.000760796598791676,68,89312,17128,49612,89380,66740,0.7348455598455599,0.7507851934941111,0.7607965987916759,657.328261356008,131.44117647058826,LSTM AE,72,0.001,0.1,99.9,47420,47.42
0.184135302901268,0.8898859851396361,0.9967119113018025,0.7448756367995205,0.8525858151041443,0.8826170782233523,0.9049461771317552,0.001834862385321101,164,89216,17027,49713,89380,66740,0.7354890604890605,0.7530566461020751,1.834862385321101,1585.3211009174313,54.5,LSTM AE,72,0.002,0.2,99.8,47420,94.84
0.16708211600780487,0.8887586471944658,0.9909902742695758,0.746568774348217,0.8515882036250524,0.8826170782233523,0.9049461771317552,0.005068247930185724,453,88927,16914,49826,89380,66740,0.736936936936937,0.7549635445877734,5.068247930185724,4378.966211680466,19.73068432671082,LSTM AE,72,0.005,0.5,99.5,47420,237.1
0.15833914279937744,0.8889315910837817,0.9823653478108034,0.7537159124962541,0.8529835687518017,0.8826170782233523,0.9049461771317552,0.010102931304542402,903,88477,16437,50303,89380,66740,0.7440797940797941,0.7621144139091419,10.102931304542402,8728.932647124635,9.898117386489481,LSTM AE,72,0.01,1.0,99.0,47420,474.2
0.1503513604402542,0.8843005380476556,0.9682371727043614,0.7540905004495055,0.8478508073686605,0.8826170782233523,0.9049461771317552,0.018471693891250838,1651,87729,16412,50328,89380,66740,0.7443371943371944,0.7625911385305665,18.471693891250837,15959.543522040723,5.413688673531194,LSTM AE,72,0.02,2.0,98.0,47420,948.4
0.13432729244232178,0.8669036638483218,0.9187943068540083,0.7554240335630806,0.829138332250664,0.8826170782233523,0.9049461771317552,0.049854553591407474,4456,84924,16323,50417,89380,66740,0.745945945945946,0.763684800897364,49.85455359140747,43074.33430297606,2.005834829443447,LSTM AE,72,0.05,5.0,95.0,47420,2371.0
0.09944882243871689,0.8444657955418908,0.8482790300882633,0.774737788432724,0.8098422791987094,0.8826170782233523,0.9049461771317552,0.10346833743566794,9248,80132,15034,51706,89380,66740,0.7657014157014157,0.7826135726303982,103.46833743566793,89396.6435444171,0.9664792387543253,LSTM AE,72,0.1,10.0,90.0,47420,4742.0
1555.2921926765307,0.8034605571931889,0.9994210410233789,0.5413263249062972,0.7022733656854483,0.8794473626452392,0.9028550213616329,0.00023483628556092325,21,89403,30716,36251,89424,66967,0.7325678362948232,0.37472407723043394,0.23483628556092326,202.8985507246377,425.8285714285714,Hybrid AE,72,0.0001,0.01,99.99,47447,4.7447
1105.801862145492,0.8570761744601672,0.9995073781320675,0.666552182418206,0.799759912565173,0.8794473626452392,0.9028550213616329,0.0002460189658257291,22,89402,22330,44637,89424,66967,0.732824427480916,0.6088183520076001,0.2460189658257291,212.56038647342993,406.4727272727273,Hybrid AE,72,0.0002,0.02,99.98,47447,9.4894
805.4140470787653,0.8724990568510975,0.9994477367828544,0.7026296534113817,0.8251582694702138,0.8794473626452392,0.9028550213616329,0.0002907496868849526,26,89398,19914,47053,89424,66967,0.7334017576496248,0.6758221799994412,0.2907496868849526,251.20772946859904,343.9384615384615,Hybrid AE,72,0.0005,0.05,99.95,47447,23.7235
387.91116701745733,0.8887020352833603,0.9987119885688985,0.7410366299819314,0.8507920724180497,0.8794473626452392,0.9028550213616329,0.0007156915369475756,64,89360,17342,49625,89424,66967,0.7358073000192443,0.7455922210735142,0.7156915369475756,618.3574879227053,139.72500000000002,Hybrid AE,72,0.001,0.1,99.9,47447,47.447
238.24225402065744,0.8896355928410202,0.9969407953931978,0.7445458210760524,0.8524534108394597,0.8794473626452392,0.9028550213616329,0.001710950080515298,153,89271,17107,49860,89424,66967,0.7370902559497081,0.7510408225991226,1.710950080515298,1478.2608695652175,58.44705882352942,Hybrid AE,72,0.002,0.2,99.8,47447,94.894
129.02413252780863,0.8918224194486895,0.9913026406203985,0.7539833052100288,0.8565079472782481,0.8794473626452392,0.9028550213616329,0.0049539273573089996,443,88981,16475,50492,89424,66967,0.7451087305151068,0.7617144932800581,4.9539273573089995,4280.193236714976,20.18600451467269,Hybrid AE,72,0.005,0.5,99.5,47447,237.235
74.88435100514461,0.8891752082920372,0.9804658006311346,0.7562530798751624,0.8538863598044175,0.8794473626452392,0.9028550213616329,0.011283324387189122,1009,88415,16323,50644,89424,66967,0.7462954647507858,0.7649277711028528,11.283324387189122,9748.792270531401,8.862636273538158,Hybrid AE,72,0.01,1.0,99.0,47447,474.47
51.67391797485985,0.8828129495942861,0.9594226991083573,0.7584033927158152,0.8471514474199978,0.8794473626452392,0.9028550213616329,0.024020397208803005,2148,87276,16179,50788,89424,66967,0.7483161203412663,0.7671910363519517,24.020397208803004,20753.623188405796,4.163128491620112,Hybrid AE,72,0.02,2.0,98.0,47447,948.94
30.10887478937952,0.8659066058788549,0.9078961370650207,0.7643914166679111,0.8299864611792556,0.8794473626452392,0.9028550213616329,0.05807165861513688,5193,84231,15778,51189,89424,66967,0.7550195650779395,0.7725558132387046,58.071658615136876,50173.913043478264,1.7220103986135182,Hybrid AE,72,0.05,5.0,95.0,47447,2372.35
18.395455862312417,0.8394792539212614,0.8375122950158828,0.7756058954410381,0.8053712088321032,0.8794473626452392,0.9028550213616329,0.11268786902844874,10077,79347,15027,51940,89424,66967,0.7662454294694977,0.7837603732990583,112.68786902844874,97362.31884057971,0.8874069663590355,Hybrid AE,72,0.1,10.0,90.0,47447,4744.7
0.13339057564735413,0.8886764583639724,0.9993752393236461,0.7404841190437081,0.8506681762818863,0.8927931758310454,0.9110998679546587,0.00034666308820898193,31,89393,17379,49588,89424,66967,0.7327602796843928,0.7472128307580541,0.34666308820898195,299.5169082125604,288.4645161290323,Dense AE,73,0.0001,0.01,99.99,47447,4.7447
0.12084856629371643,0.8893990063366818,0.9991357826191816,0.7423507100512192,0.8518115538497125,0.8927931758310454,0.9110998679546587,0.00048085525138665236,43,89381,17254,49713,89424,66967,0.7334979793444095,0.7500628684791416,0.48085525138665236,415.45893719806764,207.96279069767442,Dense AE,73,0.0002,0.02,99.98,47447,9.4894
0.11250222474336624,0.8896036216917853,0.9989158803453122,0.7429928173578031,0.8521541056886202,0.8927931758310454,0.9110998679546587,0.0006038647342995169,54,89370,17211,49756,89424,66967,0.7338187183270255,0.7509849395065523,0.6038647342995169,521.7391304347826,165.60000000000002,Dense AE,73,0.0005,0.05,99.95,47447,23.7235
0.10895281285047531,0.8900000639422985,0.9984974155547541,0.7442322337867905,0.8528161121140305,0.8927931758310454,0.9110998679546587,0.0008387010198604402,75,89349,17128,49839,89424,66967,0.7352299698505357,0.752074659811674,0.8387010198604402,724.6376811594204,119.232,Dense AE,73,0.001,0.1,99.9,47447,47.447
0.10044801235198975,0.8912916983713897,0.9971543421157367,0.7482640703630146,0.8549637857343946,0.8927931758310454,0.9110998679546587,0.0015991232778672392,143,89281,16858,50109,89424,66967,0.739239207133235,0.7561261840230238,1.5991232778672393,1381.6425120772947,62.53426573426574,Dense AE,73,0.002,0.2,99.8,47447,94.894
0.07524637877941132,0.8923659289856833,0.9914905297831458,0.7551181925425956,0.8573099712636371,0.8927931758310454,0.9110998679546587,0.004853283234925747,434,88990,16399,50568,89424,66967,0.7450766566168452,0.7638659923440163,4.8532832349257475,4193.236714975846,20.604608294930877,Dense AE,73,0.005,0.5,99.5,47447,237.235
0.056958816945552826,0.8890856890741795,0.9802558990340876,0.7562082816909821,0.8537781973901608,0.8927931758310454,0.9110998679546587,0.011406333870101986,1020,88404,16326,50641,89424,66967,0.7459105779716467,0.7651792450194194,11.406333870101987,9855.072463768116,8.767058823529412,Dense AE,73,0.01,1.0,99.0,47447,474.47
0.04659298434853554,0.8835802571759245,0.9621100117517722,0.7579703436020727,0.8479264982250991,0.8927931758310454,0.9110998679546587,0.022354177849346932,1999,87425,16208,50759,89424,66967,0.7478350118673424,0.7667998547039593,22.354177849346932,19314.00966183575,4.47343671835918,Dense AE,73,0.02,2.0,98.0,47447,948.94
0.039119865745306015,0.8672685768362629,0.9118963150482234,0.7638239730016276,0.831318056232732,0.8927931758310454,0.9110998679546587,0.0552648058686706,4942,84482,15816,51151,89424,66967,0.7541856437231381,0.7722205146832826,55.2648058686706,47748.7922705314,1.8094698502630515,Dense AE,73,0.05,5.0,95.0,47447,2372.35
0.032182756811380386,0.8446969454764021,0.8479966080135679,0.7765018591246435,0.810675979047144,0.8927931758310454,0.9110998679546587,0.1042337627482555,9321,80103,14967,52000,89424,66967,0.7680094938738854,0.7839000810304843,104.2337627482555,90057.97101449275,0.9593820405535887,Dense AE,73,0.1,10.0,90.0,47447,4744.7
0.15781061713075994,0.5733705903792418,0.9767441860465116,0.003763047471142503,0.007497210859055411,0.8747116385743952,0.8722612573081767,6.709608158883521e-05,6,89418,66715,252,89424,66967,0.007473218294951569,0.000530889379418257,0.06709608158883522,57.971014492753625,1490.4,Isolation Forest,73,0.0001,0.01,99.99,47447,4.7447
0.15086218916824273,0.5735496288149574,0.9536423841059603,0.004300625681305717,0.008562636578513133,0.8747116385743952,0.8722612573081767,0.00015655752370728217,14,89410,66679,288,89424,66967,0.008467509141061005,0.0006705971108441142,0.15655752370728218,135.2657004830918,638.7428571428571,Isolation Forest,73,0.0002,0.02,99.98,47447,9.4894
0.14623056486717737,0.5741059268116452,0.9349397590361446,0.005793898487314647,0.011516428719836158,0.8747116385743952,0.8722612573081767,0.00030193236714975844,27,89397,66579,388,89424,66967,0.010744755917634229,0.0014809019531140852,0.30193236714975846,260.8695652173913,331.20000000000005,Isolation Forest,73,0.0005,0.05,99.95,47447,23.7235
0.14290580238810735,0.575090638208081,0.9270315091210614,0.008347394985589918,0.016545804351043362,0.8747116385743952,0.8722612573081767,0.0004920379316514582,44,89380,66408,559,89424,66967,0.014433254217717621,0.003045628545083685,0.4920379316514582,425.12077294685986,203.23636363636365,Isolation Forest,73,0.001,0.1,99.9,47447,47.447
0.13321833467801347,0.5787417434507101,0.9151376146788991,0.01787447548792689,0.03506407909190773,0.8747116385743952,0.8722612573081767,0.0012412775093934515,111,89313,65770,1197,89424,66967,0.02931554301109757,0.007907457598703512,1.2412775093934516,1072.463768115942,80.56216216216217,Isolation Forest,73,0.002,0.2,99.8,47447,94.894
0.09847372781126096,0.5967926543087518,0.9140012709171785,0.06443472157928531,0.12038276978015847,0.8747116385743952,0.8722612573081767,0.004540168187511183,406,89018,62652,4315,89424,66967,0.1013214446083777,0.03230042750565816,4.540168187511183,3922.705314009662,22.0256157635468,Isolation Forest,73,0.005,0.5,99.5,47447,237.235
0.06438834475354792,0.6870152374497254,0.9532625647733561,0.282945331282572,0.43636866104739536,0.8747116385743952,0.8722612573081767,0.010388709966004652,929,88495,48019,18948,89424,66967,0.32009750465071524,0.2505797870854173,10.388709966004653,8975.84541062802,9.62583423035522,Isolation Forest,73,0.01,1.0,99.0,47447,474.47
0.044786146583418535,0.8803511711031965,0.9656470134131043,0.747159048486568,0.8424677139633951,0.8747116385743952,0.8722612573081767,0.019905170871354447,1780,87644,16932,50035,89424,66967,0.7475784206812496,0.7467937075637766,19.905170871354446,17198.06763285024,5.023820224719101,Isolation Forest,73,0.02,2.0,98.0,47447,948.94
0.010826571853306382,0.8670255961020775,0.9145879352764757,0.7604790419161677,0.8304443538524257,0.8747116385743952,0.8722612573081767,0.053184827339416714,4756,84668,16040,50927,89424,66967,0.751106549490025,0.7686439967587806,53.184827339416714,45951.69082125604,1.8802354920100925,Isolation Forest,73,0.05,5.0,95.0,47447,2372.35
-0.01904712326210783,0.8422991092837823,0.8486631721227705,0.7688115041736975,0.8067662751796165,0.8747116385743952,0.8722612573081767,0.10266818751118267,9181,80243,15482,51485,89424,66967,0.7594457630380397,0.7769705775517617,102.66818751118268,88705.31400966183,0.97401154558327,Isolation Forest,73,0.1,10.0,90.0,47447,4744.7
0.7366981902978904,0.8890984775338734,0.9995771670190274,0.741320351815073,0.8512929556210989,0.835162540754438,0.8803093621505891,0.00023483628556092325,21,89403,17323,49644,89424,66967,0.7326319840913464,0.7488893235351645,0.23483628556092326,202.8985507246377,425.8285714285714,One-Class SVM,73,0.0001,0.01,99.99,47447,4.7447
0.7203072360299655,0.8890665063846385,0.9993760064412238,0.7413950154553736,0.8512692139532092,0.835162540754438,0.8803093621505891,0.00034666308820898193,31,89393,17318,49649,89424,66967,0.7326319840913464,0.7490290312665903,0.34666308820898195,299.5169082125604,288.4645161290323,One-Class SVM,73,0.0002,0.02,99.98,47447,9.4894
0.7026305462144451,0.8892199679009661,0.9991955271308475,0.7418877954813565,0.8515284217021313,0.835162540754438,0.8803093621505891,0.00044730721059223476,40,89384,17285,49682,89424,66967,0.7331772403617935,0.749476096007153,0.44730721059223477,386.47342995169083,223.56,One-Class SVM,73,0.0005,0.05,99.95,47447,23.7235
0.6919413508199834,0.8899489101035226,0.9989170543879352,0.743799184673048,0.8526846470542921,0.835162540754438,0.8803093621505891,0.0006038647342995169,54,89370,17157,49810,89424,66967,0.7353903393418436,0.7511246472379781,0.6038647342995169,521.7391304347826,165.60000000000002,One-Class SVM,73,0.001,0.1,99.9,47447,47.447
0.6589655016683167,0.8919694867351702,0.9976742336898183,0.7494586886078217,0.8559344435633095,0.835162540754438,0.8803093621505891,0.0013083735909822866,117,89307,16778,50189,89424,66967,0.740907049842838,0.7569085473190086,1.3083735909822867,1130.4347826086955,76.43076923076924,One-Class SVM,73,0.002,0.2,99.8,47447,94.894
0.18264750874267252,0.8926664577884916,0.9919802349065668,0.7554467125599176,0.8577047623891629,0.835162540754438,0.8803093621505891,0.0045737162283056,409,89015,16377,50590,89424,66967,0.745333247802938,0.7642571739920088,4.5737162283056,3951.690821256039,21.864058679706602,One-Class SVM,73,0.005,0.5,99.5,47447,237.235
0.07372106111274415,0.8868604970874283,0.9724251663502655,0.7572535726551883,0.8514557238322308,0.835162540754438,0.8803093621505891,0.01608069422079084,1438,87986,16256,50711,89424,66967,0.7470652383090641,0.7661292575931152,16.08069422079084,13893.719806763285,6.218636995827538,One-Class SVM,73,0.01,1.0,99.0,47447,474.47
0.0361502746366089,0.8572743955854237,0.8919754170324846,0.7585527199964162,0.8198713655107854,0.835162540754438,0.8803093621505891,0.06879584898908571,6152,83272,16169,50798,89424,66967,0.7484123420360511,0.767386627175948,68.79584898908571,59439.61352657005,1.4535760728218465,One-Class SVM,73,0.02,2.0,98.0,47447,948.94
0.008318753602368122,0.8127321904713187,0.7933482810164425,0.7608523601176699,0.7767606009558583,0.835162540754438,0.8803093621505891,0.14841653247450348,13272,76152,16015,50952,89424,66967,0.7513631406761178,0.7691190030456285,148.41653247450347,128231.88405797101,0.6737793851717903,One-Class SVM,73,0.05,5.0,95.0,47447,2372.35
-0.0033407016970092816,0.7802367143889354,0.7347003427123232,0.7618976510818761,0.7480518718890429,0.835162540754438,0.8803093621505891,0.20602970119878333,18424,71000,15945,51022,89424,66967,0.7525819488100584,0.7700131325267541,206.02970119878333,178009.6618357488,0.48536691272253585,One-Class SVM,73,0.1,10.0,90.0,47447,4744.7
0.23731300234794617,0.8883551114527287,0.9992912110166059,0.7393617021276596,0.8498966586290044,0.8826359518738383,0.9049478815119583,0.00039158648467218615,35,89345,17395,49345,89380,66740,0.7318211068211068,0.7459338194054963,0.39158648467218615,338.3307227567688,255.3714285714286,LSTM AE,73,0.0001,0.01,99.99,47420,4.742
0.23551684617996216,0.8883807327696643,0.999230613484511,0.73946658675457,0.8499440282442091,0.8826359518738383,0.9049478815119583,0.0004251510405012307,38,89342,17388,49352,89380,66740,0.7318532818532818,0.7461020751542344,0.4251510405012307,367.3304989930633,235.21052631578948,LSTM AE,73,0.0002,0.02,99.98,47420,9.484
0.23197302222251892,0.8887586471944658,0.9990498716315928,0.7404854659874138,0.8505511716161677,0.8826359518738383,0.9049478815119583,0.0005258447079883643,47,89333,17320,49420,89380,66740,0.7326576576576577,0.7473079080201906,0.5258447079883642,454.3298277019467,190.17021276595747,LSTM AE,73,0.0005,0.05,99.95,47420,23.71
0.21010231971740723,0.8898539584934666,0.9986312399355878,0.7433623014683848,0.8522934203745061,0.8826359518738383,0.9049478815119583,0.000760796598791676,68,89312,17128,49612,89380,66740,0.7348455598455599,0.7507851934941111,0.7607965987916759,657.328261356008,131.44117647058826,LSTM AE,73,0.001,0.1,99.9,47420,47.42
0.1842014342546463,0.8898795798104022,0.9967317640453944,0.7448456697632604,0.8525734474419882,0.8826359518738383,0.9049478815119583,0.0018236742000447526,163,89217,17029,49711,89380,66740,0.7354890604890605,0.7530005608524958,1.8236742000447526,1575.6545088386663,54.834355828220865,LSTM AE,73,0.002,0.2,99.8,47420,94.84
0.16702230274677277,0.8887458365359979,0.990931328679673,0.746583757866347,0.8515761858779898,0.8826359518738383,0.9049478815119583,0.005101812486014768,456,88924,16913,49827,89380,66740,0.736969111969112,0.7549635445877734,5.101812486014768,4407.965987916759,19.60087719298246,LSTM AE,73,0.005,0.5,99.5,47420,237.1
0.15840497612953186,0.888989239046887,0.9825191898279263,0.7537308960143841,0.8530511535624348,0.8826359518738383,0.9049478815119583,0.010013425822331617,895,88485,16436,50304,89380,66740,0.7441119691119691,0.7621144139091419,10.013425822331618,8651.599910494517,9.986592178770952,LSTM AE,73,0.01,1.0,99.0,47420,474.2
0.15031972527503967,0.8842300794260824,0.9680143098938299,0.7541054839676355,0.8477748206043864,0.8826359518738383,0.9049478815119583,0.018605952114567018,1663,87717,16411,50329,89380,66740,0.7443693693693694,0.7625911385305665,18.605952114567017,16075.542626985904,5.374624173180998,LSTM AE,73,0.02,2.0,98.0,47420,948.4
0.13434427976608276,0.8669549064821932,0.918928278501777,0.7554240335630806,0.8291928785822952,0.8826359518738383,0.9049478815119583,0.049765048109196686,4448,84932,16323,50417,89380,66740,0.745945945945946,0.763684800897364,49.765048109196684,42997.001566345934,2.0094424460431655,LSTM AE,73,0.05,5.0,95.0,47420,2371.0
0.09950610995292664,0.8444722008711247,0.8484072669981784,0.7745879532514235,0.8098188340526188,0.8826359518738383,0.9049478815119583,0.1033452673976281,9237,80143,15044,51696,89380,66740,0.7655405405405405,0.7824733595064498,103.3452673976281,89290.31103155068,0.9676301829598355,LSTM AE,73,0.1,10.0,90.0,47420,4742.0
719.4332180464619,0.8712074224220063,0.9993175371622343,0.6997028387116042,0.8230923271500843,0.8733297851205013,0.899177924813267,0.0003578457684737878,32,89392,20110,46857,89424,66967,0.7330168708704856,0.6706809354829696,0.3578457684737878,309.17874396135267,279.45000000000005,Hybrid AE,73,0.0001,0.01,99.99,47447,4.7447
626.878775398277,0.8783305944715488,0.9991877876585376,0.7164424268669644,0.8345161065887428,0.8733297851205013,0.899177924813267,0.00043612453032742886,39,89385,18989,47978,89424,66967,0.7333696837513631,0.7016960518595099,0.43612453032742887,376.81159420289856,229.2923076923077,Hybrid AE,73,0.0002,0.02,99.98,47447,9.4894
580.3827903409953,0.8802360749659507,0.9989243085579529,0.7210865052936521,0.8375654768099351,0.8733297851205013,0.899177924813267,0.0005814993737699052,52,89372,18678,48289,89424,66967,0.7337224966322407,0.7100785157450613,0.5814993737699052,502.4154589371981,171.96923076923076,Hybrid AE,73,0.0005,0.05,99.95,47447,23.7235
422.783301419905,0.88562641072696,0.9984157933219595,0.7340630459778696,0.8460710997134325,0.8733297851205013,0.899177924813267,0.0008722490606548577,78,89346,17809,49158,89424,66967,0.7346205657835654,0.7335773561708905,0.8722490606548577,753.6231884057971,114.64615384615385,Hybrid AE,73,0.001,0.1,99.9,47447,47.447
166.60609774892455,0.8897187178290311,0.9966636033084268,0.7449490047336748,0.8526161970928295,0.8733297851205013,0.899177924813267,0.00186750760422258,167,89257,17080,49887,89424,66967,0.7375392905253705,0.7514040627008298,1.86750760422258,1613.5265700483092,53.54730538922156,Hybrid AE,73,0.002,0.2,99.8,47447,94.894
100.54566814924874,0.8918032367591485,0.9914565166156022,0.7538190452013679,0.856459370731997,0.8733297851205013,0.899177924813267,0.004864465915190553,435,88989,16486,50481,89424,66967,0.7452049522098916,0.7613233116320657,4.864465915190553,4202.898550724638,20.557241379310348,Hybrid AE,73,0.005,0.5,99.5,47447,237.235
58.41185038131782,0.88929669865913,0.9815540383272559,0.7556707034808189,0.8539270858820651,0.8733297851205013,0.899177924813267,0.010634728931830381,951,88473,16362,50605,89424,66967,0.7459426518699083,0.764145407806868,10.63472893183038,9188.40579710145,9.403154574132492,Hybrid AE,73,0.01,1.0,99.0,47447,474.47
35.75358905531719,0.8836953533131702,0.9626664643168797,0.7577762181372915,0.8480209891294358,0.8733297851205013,0.899177924813267,0.02200751476113795,1968,87456,16221,50746,89424,66967,0.7474821989864648,0.766743971611389,22.00751476113795,19014.492753623188,4.54390243902439,Hybrid AE,73,0.02,2.0,98.0,47447,948.94
22.068720871366136,0.86354074083547,0.9035270810485725,0.7627637493093613,0.8271997797588684,0.8733297851205013,0.899177924813267,0.06099033816425121,5454,83970,15887,51080,89424,66967,0.7534158701648599,0.7709072620078795,60.990338164251206,52695.65217391304,1.6396039603960397,Hybrid AE,73,0.05,5.0,95.0,47447,2372.35
14.936922662944296,0.8377528118625752,0.8375562012043695,0.7705437006286678,0.8026536834245893,0.8733297851205013,0.899177924813267,0.11191626409017713,10008,79416,15366,51601,89424,66967,0.7618833793059209,0.7780882394031686,111.91626409017714,96695.65217391304,0.8935251798561151,Hybrid AE,73,0.1,10.0,90.0,47447,4744.7
0.09708934277296066,0.8890920833040264,0.9995369251832166,0.7413352845431331,0.8512882067989883,0.8920393746442005,0.9119519678989786,0.000257201646090535,23,89401,17322,49645,89424,66967,0.7325999101930849,0.7489452066277348,0.257201646090535,222.22222222222223,388.8,Dense AE,74,0.0001,0.01,99.99,47447,4.7447
0.09296649694442749,0.8891432371428023,0.9991752494367557,0.7417235354726955,0.8514128506415036,0.8920393746442005,0.9119519678989786,0.0004584898908570406,41,89383,17296,49671,89424,66967,0.7325999101930849,0.7496716868311493,0.4584898908570406,396.1352657004831,218.10731707317075,Dense AE,74,0.0002,0.02,99.98,47447,9.4894
0.0865761861205101,0.8890665063846385,0.9985931910446562,0.741977391849717,0.851368601413579,0.8920393746442005,0.9119519678989786,0.0007827876185364108,70,89354,17279,49688,89424,66967,0.7325999101930849,0.7501466931179972,0.7827876185364109,676.328502415459,127.74857142857142,Dense AE,74,0.0005,0.05,99.95,47447,23.7235
0.06723563373088837,0.8893414582680589,0.9977548361230831,0.7432466737348247,0.8518981275459556,0.8920393746442005,0.9119519678989786,0.0012524601896582574,112,89312,17194,49773,89424,66967,0.7330810186670088,0.7521026013579591,1.2524601896582575,1082.1256038647343,79.84285714285714,Dense AE,74,0.001,0.1,99.9,47447,47.447
0.057881247252225876,0.889757083208113,0.9955552898030774,0.7458748338734004,0.8528158854011046,0.8920393746442005,0.9119519678989786,0.0024937376990517087,223,89201,17018,49949,89424,66967,0.7356148566296747,0.7548129313476207,2.493737699051709,2154.5893719806763,40.10044843049328,Dense AE,74,0.002,0.2,99.8,47447,94.894
0.053262632340192795,0.8881329488269786,0.9898605830164765,0.7463974793555035,0.8510594825604658,0.8920393746442005,0.9119519678989786,0.0057255322955806045,512,88912,16983,49984,89424,66967,0.7360638912053371,0.7553997038196094,5.725532295580605,4946.859903381643,17.465625000000003,Dense AE,74,0.005,0.5,99.5,47447,237.235
0.037574030458927155,0.8861635260341069,0.980718085106383,0.7488763122134783,0.8492586979162257,0.8920393746442005,0.9119519678989786,0.011026122741098586,986,88438,16817,50150,89424,66967,0.7383411379819104,0.7580541507167007,11.026122741098586,9526.570048309179,9.069371196754565,Dense AE,74,0.01,1.0,99.0,47447,474.47
0.02591387741267681,0.8816747766815226,0.9638044560140877,0.7519076560096765,0.8447710362298781,0.8920393746442005,0.9119519678989786,0.021146448380747897,1891,87533,16614,50353,89424,66967,0.7417730450959009,0.7607365391600771,21.1464483807479,18270.53140096618,4.7289264939185625,Dense AE,74,0.02,2.0,98.0,47447,948.94
0.018055345863103867,0.8687072785518348,0.9138060100524008,0.7656009676407783,0.8331640571043202,0.8920393746442005,0.9119519678989786,0.05407944176060118,4836,84588,15697,51270,89424,66967,0.7553723779588171,0.7745117214786666,54.07944176060118,46724.63768115942,1.849131513647643,Dense AE,74,0.05,5.0,95.0,47447,2372.35
0.008668841794133186,0.8484823295458178,0.8392686330777313,0.7992145385040393,0.8187520078324588,0.8920393746442005,0.9119519678989786,0.11462247271426015,10250,79174,13446,53521,89424,66967,0.7928346911283597,0.8047724161055073,114.62247271426016,99033.81642512078,0.872429268292683,Dense AE,74,0.1,10.0,90.0,47447,4744.7
0.17450256983946782,0.571919100203976,1.0,0.00028372183314169665,0.0005672827157913594,0.8747540712911468,0.87020722116441,0.0,0,89424,66948,19,89424,66967,0.0004811084739239207,0.00011176618514068569,0.0,0.0,inf,Isolation Forest,74,0.0001,0.01,99.99,47447,4.7447
0.16581582985735224,0.5738501576177657,0.9397260273972603,0.005121925724610629,0.010188320560803184,0.8747540712911468,0.87020722116441,0.0002460189658257291,22,89402,66624,343,89424,66967,0.009076913208031305,0.0016764927771102853,0.2460189658257291,212.56038647342993,406.4727272727273,Isolation Forest,74,0.0002,0.02,99.98,47447,9.4894
0.16376386390783582,0.5744767921427704,0.9232323232323232,0.006824256723460809,0.01354836797011651,0.8747540712911468,0.87020722116441,0.000424941850062623,38,89386,66510,457,89424,66967,0.010873051510680609,0.0032971024616502277,0.424941850062623,367.1497584541063,235.32631578947368,Isolation Forest,74,0.0005,0.05,99.95,47447,23.7235
0.16028939555538174,0.575084243978234,0.9118589743589743,0.00849672226619081,0.016836561080617242,0.8747540712911468,0.87020722116441,0.0006150474145643227,55,89369,66398,569,89424,66967,0.012765411508114697,0.004778004414764313,0.6150474145643228,531.4009661835748,162.58909090909094,Isolation Forest,74,0.001,0.1,99.9,47447,47.447
0.15477308143726456,0.5764462149356421,0.8896034297963559,0.012394164289874117,0.024447717231222386,0.8747540712911468,0.87020722116441,0.0011518160672750045,103,89321,66137,830,89424,66967,0.017127461671691577,0.00827069770041074,1.1518160672750046,995.169082125604,86.81941747572816,Isolation Forest,74,0.002,0.2,99.8,47447,94.894
0.11060776513422294,0.5969013562161506,0.9123949579831933,0.06485283796496782,0.12109805233733462,0.8747540712911468,0.87020722116441,0.004663177670424047,417,89007,62624,4343,89424,66967,0.07761883379305921,0.053731593506384644,4.663177670424047,4028.9855072463765,21.444604316546766,Isolation Forest,74,0.005,0.5,99.5,47447,237.235
0.08099115194189248,0.6742587489049882,0.9507707887926184,0.25234817148744904,0.3988388147413885,0.8747540712911468,0.87020722116441,0.009784845231705135,875,88549,50068,16899,89424,66967,0.29636281993713515,0.21400430299812792,9.784845231705134,8454.106280193237,10.219885714285715,Isolation Forest,74,0.01,1.0,99.0,47447,474.47
0.05505625052612336,0.8822630458274453,0.9654332822085889,0.7519673869219168,0.8454338646990187,0.8747540712911468,0.87020722116441,0.02016237251744498,1803,87621,16610,50357,89424,66967,0.7468086471229713,0.7564614825784459,20.16237251744498,17420.289855072464,4.95973377703827,Isolation Forest,74,0.02,2.0,98.0,47447,948.94
0.011051689763749714,0.8676138652480002,0.9150115722051779,0.7615691310645542,0.8312687442952145,0.8747540712911468,0.87020722116441,0.0529723564143854,4737,84687,15967,51000,89424,66967,0.7519083969465649,0.7699851909804689,52.9723564143854,45768.115942028984,1.8877770740975301,Isolation Forest,74,0.05,5.0,95.0,47447,2372.35
-0.023280113269641425,0.8424973304090388,0.8481553972927186,0.7700359878746248,0.8072100558834119,0.8747540712911468,0.87020722116441,0.10323850420468778,9232,80192,15400,51567,89424,66967,0.7605683494771954,0.7782838302271647,103.23850420468777,89198.06763285024,0.9686308492201041,Isolation Forest,74,0.1,10.0,90.0,47447,4744.7
0.7426260013113135,0.8890984775338734,0.9995771670190274,0.741320351815073,0.8512929556210989,0.8352414284377543,0.8803507133748444,0.00023483628556092325,21,89403,17323,49644,89424,66967,0.7326319840913464,0.7488893235351645,0.23483628556092326,202.8985507246377,425.8285714285714,One-Class SVM,74,0.0001,0.01,99.99,47447,4.7447
0.7146840904067018,0.88929669865913,0.9994568278747887,0.7418728627532964,0.8516134561817013,0.8352414284377543,0.8803507133748444,0.00030193236714975844,27,89397,17286,49681,89424,66967,0.7332734620565784,0.7493643298220124,0.30193236714975846,260.8695652173913,331.20000000000005,One-Class SVM,74,0.0002,0.02,99.98,47447,9.4894
0.6870319070527915,0.8893990063366818,0.9991959798994975,0.742305911867039,0.8518039360161759,0.8352414284377543,0.8803507133748444,0.00044730721059223476,40,89384,17257,49710,89424,66967,0.7336262749374559,0.7498672776551454,0.44730721059223477,386.47342995169083,223.56,One-Class SVM,74,0.0005,0.05,99.95,47447,23.7235
0.6835102376649751,0.890665063846385,0.9984407484407485,0.74583003568922,0.8538434580437811,0.8352414284377543,0.8803507133748444,0.0008722490606548577,78,89346,17021,49946,89424,66967,0.7370581820514466,0.7534717371259325,0.8722490606548577,753.6231884057971,114.64615384615385,One-Class SVM,74,0.001,0.1,99.9,47447,47.447
0.6673637121627691,0.8922891982275195,0.997399968243887,0.7504143832036675,0.856456272209014,0.8352414284377543,0.8803507133748444,0.0014649311146895689,131,89293,16714,50253,89424,66967,0.7421258579767785,0.7576350275224231,1.464931114689569,1265.7004830917874,68.26259541984733,One-Class SVM,74,0.002,0.2,99.8,47447,94.894
0.16781428822973996,0.8926089097198688,0.9916317171637988,0.7555811071124584,0.8576610476892697,0.8352414284377543,0.8803507133748444,0.004775004473072106,427,88997,16368,50599,89424,66967,0.7454294694977227,0.7644248232697197,4.775004473072106,4125.603864734299,20.9423887587822,One-Class SVM,74,0.005,0.5,99.5,47447,237.235
0.06571253785589967,0.885632804956807,0.9686610774783722,0.7574178326638493,0.8501131316517221,0.8352414284377543,0.8803507133748444,0.018350778314546432,1641,87783,16245,50722,89424,66967,0.7472897555968953,0.7662410237782559,18.35077831454643,15855.072463768118,5.449360146252285,One-Class SVM,74,0.01,1.0,99.0,47447,474.47
0.02808316239813602,0.8498506947330728,0.8740259070031481,0.7587020472770171,0.8122911637276375,0.8352414284377543,0.8803507133748444,0.08189076757917338,7323,82101,16159,50808,89424,66967,0.748572711527359,0.7675263349073738,81.89076757917339,70753.62318840579,1.2211388775092176,One-Class SVM,74,0.02,2.0,98.0,47447,948.94
0.0071238733241918584,0.8128217096891764,0.7936218607839471,0.7606881001090089,0.7768060691548169,0.8352414284377543,0.8803507133748444,0.14813696546788335,13247,76177,16026,50941,89424,66967,0.7511386233882866,0.7690072368604879,148.13696546788336,127990.33816425121,0.6750509549331924,One-Class SVM,74,0.05,5.0,95.0,47447,2372.35
-0.004052009492122808,0.7810871469585846,0.736062428779552,0.7620021801782968,0.7488077244779667,0.8352414284377543,0.8803507133748444,0.2046206834854178,18298,71126,15938,51029,89424,66967,0.7526781705048432,0.7701248987118947,204.6206834854178,176792.27053140098,0.48870914854082415,One-Class SVM,74,0.1,10.0,90.0,47447,4744.7
0.23743830621242523,0.8883615167819626,0.999311448186476,0.7393617021276596,0.8499039778158614,0.8827257507232088,0.9049879147039543,0.000380398299395838,34,89346,17395,49345,89380,66740,0.7318211068211068,0.7459338194054963,0.38039829939583797,328.664130678004,262.8823529411765,LSTM AE,74,0.0001,0.01,99.99,47420,4.742
0.23570616543293,0.8883807327696643,0.999230613484511,0.73946658675457,0.8499440282442091,0.8827257507232088,0.9049879147039543,0.0004251510405012307,38,89342,17388,49352,89380,66740,0.7318532818532818,0.7461020751542344,0.4251510405012307,367.3304989930633,235.21052631578948,LSTM AE,74,0.0002,0.02,99.98,47420,9.484
0.23210196197032928,0.8887458365359979,0.9990498332154049,0.7404554989511537,0.850531388494471,0.8827257507232088,0.9049879147039543,0.0005258447079883643,47,89333,17322,49418,89380,66740,0.7326576576576577,0.7472518227706113,0.5258447079883642,454.3298277019467,190.17021276595747,LSTM AE,74,0.0005,0.05,99.95,47420,23.71
0.21023955941200256,0.8898539584934666,0.9986312399355878,0.7433623014683848,0.8522934203745061,0.8827257507232088,0.9049879147039543,0.000760796598791676,68,89312,17128,49612,89380,66740,0.7348455598455599,0.7507851934941111,0.7607965987916759,657.328261356008,131.44117647058826,LSTM AE,74,0.001,0.1,99.9,47420,47.42
0.18414990603923798,0.8898923904688701,0.9967318950998476,0.7448756367995205,0.8525931261576456,0.8827257507232088,0.9049879147039543,0.0018236742000447526,163,89217,17027,49713,89380,66740,0.7354890604890605,0.7530566461020751,1.8236742000447526,1575.6545088386663,54.834355828220865,LSTM AE,74,0.002,0.2,99.8,47420,94.84
0.16706323623657227,0.8887778631821676,0.9909712831119243,0.7466287084207371,0.8516201804757998,0.8827257507232088,0.9049879147039543,0.005079436115462072,454,88926,16910,49830,89380,66740,0.736969111969112,0.7550476724621424,5.079436115462072,4388.63280375923,19.687224669603527,LSTM AE,74,0.005,0.5,99.5,47420,237.1
0.1583549529314041,0.8889444017422495,0.9824037184594954,0.7537159124962541,0.8529980329647968,0.8827257507232088,0.9049879147039543,0.010080554933989707,901,88479,16437,50303,89380,66740,0.7440797940797941,0.7621144139091419,10.080554933989706,8709.599462967108,9.920088790233075,LSTM AE,74,0.01,1.0,99.0,47420,474.2
0.15031567215919495,0.8842621060722521,0.9681074114682516,0.7541054839676355,0.8478105233013552,0.8827257507232088,0.9049879147039543,0.018550011188185278,1658,87722,16411,50329,89380,66740,0.7443693693693694,0.7625911385305665,18.550011188185277,16027.20966659208,5.390832328106152,LSTM AE,74,0.02,2.0,98.0,47420,948.4
0.13437287509441376,0.8669549064821932,0.918928278501777,0.7554240335630806,0.8291928785822952,0.8827257507232088,0.9049879147039543,0.049765048109196686,4448,84932,16323,50417,89380,66740,0.745945945945946,0.763684800897364,49.765048109196684,42997.001566345934,2.0094424460431655,LSTM AE,74,0.05,5.0,95.0,47420,2371.0
0.09943541884422302,0.8444786062003588,0.848204034771199,0.7748726400958945,0.8098817633701355,0.8827257507232088,0.9049879147039543,0.10354665473260237,9255,80125,15025,51715,89380,66740,0.7658301158301158,0.7827537857543466,103.54665473260236,89464.30968896845,0.9657482441923285,LSTM AE,74,0.1,10.0,90.0,47420,4742.0
530.3975922563809,0.8576580493762429,0.9995307052829177,0.667896127943614,0.8007340106521058,0.8783743491809334,0.9020550009953084,0.00023483628556092325,21,89403,22240,44727,89424,66967,0.7327282057861313,0.6114169158121211,0.23483628556092326,202.8985507246377,425.8285714285714,Hybrid AE,74,0.0001,0.01,99.99,47447,4.7447
461.55771043283556,0.8712074224220063,0.9995092914595379,0.6995684441590634,0.8230643546091815,0.8783743491809334,0.9020550009953084,0.000257201646090535,23,89401,20119,46848,89424,66967,0.7327602796843928,0.6706529939366844,0.257201646090535,222.22222222222223,388.8,Hybrid AE,74,0.0002,0.02,99.98,47447,9.4894
320.9619435404399,0.8812079979026927,0.9993189557321226,0.723072558125644,0.8390428167940254,0.8783743491809334,0.9020550009953084,0.0003690284487385937,33,89391,18545,48422,89424,66967,0.7332093142600552,0.7142418061415519,0.3690284487385937,318.84057971014494,270.9818181818182,Hybrid AE,74,0.0005,0.05,99.95,47447,23.7235
202.7964408270497,0.8884142949402459,0.9986103838562855,0.7404393208595278,0.8503614271872133,0.8783743491809334,0.9020550009953084,0.0007716049382716049,69,89355,17382,49585,89424,66967,0.735358265443582,0.7448657408700997,0.7716049382716049,666.6666666666666,129.60000000000002,Hybrid AE,74,0.001,0.1,99.9,47447,47.447
111.63285753646304,0.8901471312287792,0.9966284289276808,0.7459793629698209,0.8532777644928774,0.8783743491809334,0.9020550009953084,0.0018898729647521919,169,89255,17011,49956,89424,66967,0.7375072166271088,0.7533599709407919,1.889872964752192,1632.8502415458938,52.91360946745562,Hybrid AE,74,0.002,0.2,99.8,47447,94.894
69.77628017045275,0.8920781886425689,0.9912131018927135,0.7546552779727328,0.8569078947368421,0.8783743491809334,0.9020550009953084,0.0050098407586330294,448,88976,16430,50537,89424,66967,0.7452370261081532,0.7628600966777501,5.00984075863303,4328.502415458937,19.960714285714285,Hybrid AE,74,0.005,0.5,99.5,47447,237.235
46.33570947328975,0.888343958411929,0.9785588616282892,0.7558050980333597,0.8528772432386891,0.8783743491809334,0.9020550009953084,0.012401592413669709,1109,88315,16353,50614,89424,66967,0.745653986785554,0.7646483556400011,12.401592413669709,10714.975845410629,8.063480613165014,Hybrid AE,74,0.01,1.0,99.0,47447,474.47
30.713739954429986,0.8780620368179755,0.946742029958774,0.757865814505652,0.8418398659744224,0.8783743491809334,0.9020550009953084,0.031926552156020756,2855,86569,16215,50752,89424,66967,0.7477708640708192,0.7666601469725335,31.926552156020755,27584.541062801934,3.1321891418563923,Hybrid AE,74,0.02,2.0,98.0,47447,948.94
20.768612027446107,0.8605226643476926,0.8944407561410251,0.7644959457643317,0.8243790507628518,0.8783743491809334,0.9020550009953084,0.06756575415995705,6042,83382,15771,51196,89424,66967,0.754987491179678,0.772779345608986,67.56575415995705,58376.811594202896,1.4800397219463757,Hybrid AE,74,0.05,5.0,95.0,47447,2372.35
14.036694390743884,0.8395815615988133,0.8379573588986265,0.7752923081517763,0.80540775328483,0.8783743491809334,0.9020550009953084,0.11227410985865093,10040,79384,15048,51919,89424,66967,0.7663416511642825,0.7830897761882143,112.27410985865093,97004.8309178744,0.8906772908366534,Hybrid AE,74,0.1,10.0,90.0,47447,4744.7
0.18757027387619019,0.8890984775338734,0.9993358691058383,0.7414995445517941,0.851323549581676,0.8904611711959042,0.9096078558882549,0.0003690284487385937,33,89391,17311,49656,89424,66967,0.7325357623965617,0.749308446729442,0.3690284487385937,318.84057971014494,270.9818181818182,Dense AE,75,0.0001,0.01,99.99,47447,4.7447
0.18631814420223236,0.8891176602234144,0.9992957179652285,0.7415742081920946,0.8513581855429742,0.8904611711959042,0.9096078558882549,0.0003913938092682054,35,89389,17306,49661,89424,66967,0.7325357623965617,0.7494481544608679,0.39139380926820544,338.1642512077295,255.49714285714285,Dense AE,75,0.0002,0.02,99.98,47447,9.4894
0.18317021429538727,0.8893990063366818,0.9991959798994975,0.742305911867039,0.8518039360161759,0.8904611711959042,0.9096078558882549,0.00044730721059223476,40,89384,17257,49710,89424,66967,0.7333696837513631,0.7500908100254268,0.44730721059223477,386.47342995169083,223.56,Dense AE,75,0.0005,0.05,99.95,47447,23.7235
0.17266051471233368,0.8899680927930635,0.9986371379897785,0.7440530410500694,0.8527493967243416,0.8904611711959042,0.9096078558882549,0.000760422258006799,68,89356,17140,49827,89424,66967,0.7350375264609661,0.7519070105339629,0.7604222580067991,657.0048309178744,131.5058823529412,Dense AE,75,0.001,0.1,99.9,47447,47.447
0.15107332170009613,0.8900320350915334,0.9968255235889553,0.7455612465841385,0.8530763579202761,0.8904611711959042,0.9096078558882549,0.0017780461621041332,159,89265,17039,49928,89424,66967,0.7356148566296747,0.7542261588756322,1.7780461621041332,1536.231884057971,56.241509433962264,Dense AE,75,0.002,0.2,99.8,47447,94.894
0.128340944647789,0.8882864103433062,0.9907007177697585,0.7461137575223618,0.8511852539586545,0.8904611711959042,0.9096078558882549,0.005244677044193952,469,88955,17002,49965,89424,66967,0.7357110783244596,0.755176171449328,5.244677044193952,4531.400966183574,19.066950959488274,Dense AE,75,0.005,0.5,99.5,47447,237.235
0.11643031239509583,0.8851916030973649,0.9806417447926882,0.7466214702764048,0.8477783523945979,0.8904611711959042,0.9096078558882549,0.011037305421363393,987,88437,16968,49999,89424,66967,0.7361921867983835,0.7557070608287463,11.037305421363392,9536.231884057972,9.06018237082067,Dense AE,75,0.01,1.0,99.0,47447,474.47
0.11138378083705902,0.8789252578473186,0.9615621156211562,0.7471142503023878,0.8408810158068555,0.8904611711959042,0.9096078558882549,0.022365360529611737,2000,87424,16935,50032,89424,66967,0.7368015908653538,0.7560982424767386,22.36536052961174,19323.671497584543,4.4712000000000005,Dense AE,75,0.02,2.0,98.0,47447,948.94
0.10813279449939728,0.8634704043071533,0.9185553577655026,0.7474278375916497,0.8242026050157256,0.8904611711959042,0.9096078558882549,0.049628735015208446,4438,84986,16914,50053,89424,66967,0.7374109949323241,0.756154125569309,49.62873501520845,42879.22705314009,2.0149616944569626,Dense AE,75,0.05,5.0,95.0,47447,2372.35
0.0755143016576767,0.84705641628994,0.8508966416693837,0.7793988083683008,0.8135799293881082,0.8904611711959042,0.9096078558882549,0.10227679370191448,9146,80278,14773,52194,89424,66967,0.7699018538713195,0.7876721897789823,102.27679370191447,88367.1497584541,0.9777389022523508,Dense AE,75,0.1,10.0,90.0,47447,4744.7
0.16555066353263176,0.5737798210894489,0.9783950617283951,0.004733674795048308,0.00942176516919053,0.874521529753629,0.8800539274003429,7.827876185364108e-05,7,89417,66650,317,89424,66967,0.009493873885432035,0.0005867724719885998,0.07827876185364109,67.6328502415459,1277.4857142857143,Isolation Forest,75,0.0001,0.01,99.99,47447,4.7447
0.1612855364504293,0.5743105421667487,0.9734939759036144,0.0060328221362760765,0.011991332996942803,0.874521529753629,0.8800539274003429,0.00012300948291286455,11,89413,66563,404,89424,66967,0.011674898967220475,0.001117661851406857,0.12300948291286455,106.28019323671496,812.9454545454546,Isolation Forest,75,0.0002,0.02,99.98,47447,9.4894
0.15286068611186468,0.5764973687744179,0.9531442663378545,0.011542998790449028,0.022809761279471215,0.874521529753629,0.8800539274003429,0.000424941850062623,38,89386,66194,773,89424,66967,0.021329142343960484,0.0030176869987985134,0.424941850062623,367.1497584541063,235.32631578947368,Isolation Forest,75,0.0005,0.05,99.95,47447,23.7235
0.14969389117023743,0.5779360704899899,0.9477611940298507,0.015171651709050726,0.029865224356618997,0.874521529753629,0.8800539274003429,0.0006262300948291287,56,89368,65951,1016,89424,66967,0.027326961318878698,0.004582413590768113,0.6262300948291287,541.0628019323672,159.68571428571428,Isolation Forest,75,0.001,0.1,99.9,47447,47.447
0.13845375715348293,0.5845924637607024,0.9440745672436751,0.031761912583809934,0.061456226524125974,0.874521529753629,0.8800539274003429,0.0014090177133655394,126,89298,64840,2127,89424,66967,0.057380203989992946,0.00944424264438794,1.4090177133655395,1217.391304347826,70.97142857142858,Isolation Forest,75,0.002,0.2,99.8,47447,94.894
0.09371735182587228,0.6528636558369727,0.9669957271253867,0.19600698851673212,0.32594579158441045,0.874521529753629,0.8800539274003429,0.0050098407586330294,448,88976,53841,13126,89424,66967,0.35525049714542306,0.05728016988460141,5.00984075863303,4328.502415458937,19.960714285714285,Isolation Forest,75,0.005,0.5,99.5,47447,237.235
0.07018468208893644,0.7402535951557314,0.966696191319752,0.4074394851195365,0.5732624590301706,0.874521529753629,0.8800539274003429,0.010511719448917517,940,88484,39682,27285,89424,66967,0.746199243056001,0.11232501606638912,10.511719448917518,9082.125603864735,9.513191489361702,Isolation Forest,75,0.01,1.0,99.0,47447,474.47
0.050080422158261445,0.867287759525804,0.9630460921843688,0.7176071796556512,0.8224049560611636,0.874521529753629,0.8800539274003429,0.02062086240830202,1844,87580,18911,48056,89424,66967,0.7471935339021104,0.6918326860208444,20.62086240830202,17816.425120772947,4.84945770065076,Isolation Forest,75,0.02,2.0,98.0,47447,948.94
0.010919274068758533,0.867696990236011,0.914942075248377,0.7618528528976959,0.831409039428334,0.874521529753629,0.8800539274003429,0.053039452495974235,4743,84681,15948,51019,89424,66967,0.7523895054204888,0.7700969571656096,53.03945249597423,45826.086956521736,1.8853889943074005,Isolation Forest,75,0.05,5.0,95.0,47447,2372.35
-0.021610396736437217,0.8425229073284268,0.8475937145953402,0.7708423551898697,0.8073981387346524,0.874521529753629,0.8800539274003429,0.10379763821792808,9282,80142,15346,51621,89424,66967,0.7614984925267817,0.7789823688842941,103.79763821792808,89681.15942028986,0.9634130575307046,Isolation Forest,75,0.1,10.0,90.0,47447,4744.7
0.7142726069225229,0.8890920833040264,0.9995771585051546,0.741305419087013,0.8512831065497166,0.8351164489983093,0.8803217292828531,0.00023483628556092325,21,89403,17324,49643,89424,66967,0.7326319840913464,0.7488613819888793,0.23483628556092326,202.8985507246377,425.8285714285714,One-Class SVM,75,0.0001,0.01,99.99,47447,4.7447
0.6750625632657639,0.8891048717637204,0.9995771755325575,0.7413352845431331,0.8513028045235911,0.8351164489983093,0.8803217292828531,0.00023483628556092325,21,89403,17322,49645,89424,66967,0.7326319840913464,0.7489172650814496,0.23483628556092326,202.8985507246377,425.8285714285714,One-Class SVM,75,0.0002,0.02,99.98,47447,9.4894
0.6331632923974131,0.8893734294172938,0.9991357131371603,0.7422909791389789,0.8517722050394537,0.8351164489983093,0.8803217292828531,0.00048085525138665236,43,89381,17258,49709,89424,66967,0.7334659054461479,0.7499790438402861,0.48085525138665236,415.45893719806764,207.96279069767442,One-Class SVM,75,0.0005,0.05,99.95,47447,23.7235
0.6285959015382859,0.8897315062887251,0.9989563681612009,0.7432616064628847,0.8523456029042836,0.8351164489983093,0.8803217292828531,0.0005814993737699052,52,89372,17193,49774,89424,66967,0.7346205657835654,0.7507893486825561,0.5814993737699052,502.4154589371981,171.96923076923076,One-Class SVM,75,0.001,0.1,99.9,47447,47.447
0.5919137812151046,0.8923147751469074,0.9976372011754427,0.7502949213791867,0.8564658956286062,0.8351164489983093,0.8803217292828531,0.0013307389515118983,119,89305,16722,50245,89424,66967,0.7410994932324074,0.7583056246332672,1.3307389515118984,1149.7584541062802,75.14621848739496,One-Class SVM,75,0.002,0.2,99.8,47447,94.894
0.17202919845714962,0.8925961212601748,0.9917084836129841,0.7554915107440978,0.8576320317333853,0.8351164489983093,0.8803217292828531,0.004730273752012883,423,89001,16374,50593,89424,66967,0.7453653217011995,0.7643130570845791,4.730273752012883,4086.9565217391305,21.140425531914893,One-Class SVM,75,0.005,0.5,99.5,47447,237.235
0.06632454161778405,0.8853194876943047,0.967737627351471,0.7574327653919094,0.8497667132960857,0.8351164489983093,0.8803217292828531,0.018909912327786722,1691,87733,16244,50723,89424,66967,0.7473539033934185,0.7662130822319707,18.90991232778672,16338.164251207729,5.288231815493791,One-Class SVM,75,0.01,1.0,99.0,47447,474.47
0.02910514121190032,0.850272713902974,0.874993542165355,0.7587319127331372,0.81272593493074,0.8351164489983093,0.8803217292828531,0.0811750760422258,7259,82165,16157,50810,89424,66967,0.7486368593238822,0.7675263349073738,81.17507604222581,70135.2657004831,1.2319052211048354,One-Class SVM,75,0.02,2.0,98.0,47447,948.94
0.006672282267961014,0.8124764212774392,0.7927815805849409,0.7609718219421506,0.776551083072375,0.8351164489983093,0.8803217292828531,0.14895330112721417,13320,76104,16007,50960,89424,66967,0.7515235101674258,0.7692028276844841,148.95330112721416,128695.65217391304,0.6713513513513514,One-Class SVM,75,0.05,5.0,95.0,47447,2372.35
-0.004402105759230141,0.780415752824651,0.7350034574161577,0.761882718353816,0.7482017553507402,0.8351164489983093,0.8803217292828531,0.20570540347110394,18395,71029,15946,51021,89424,66967,0.7525498749117968,0.7700131325267541,205.70540347110395,177729.4685990338,0.48613210111443333,One-Class SVM,75,0.1,10.0,90.0,47447,4744.7
0.23737630248069763,0.8887650525236998,0.9993123255531734,0.7403056637698532,0.8505276204575579,0.882494944613286,0.9049230399467199,0.000380398299395838,34,89346,17332,49408,89380,66740,0.7317889317889318,0.7477285473920359,0.38039829939583797,328.664130678004,262.8823529411765,LSTM AE,75,0.0001,0.01,99.99,47420,4.742
0.23555845022201538,0.8887842685114015,0.9992315936343599,0.7404105483967636,0.8505675901302144,0.882494944613286,0.9049230399467199,0.0004251510405012307,38,89342,17325,49415,89380,66740,0.7318211068211068,0.747896803140774,0.4251510405012307,367.3304989930633,235.21052631578948,LSTM AE,75,0.0002,0.02,99.98,47420,9.484
0.2317277193069458,0.8891878042531386,0.9990511567812008,0.7414893617021276,0.8512135129091628,0.882494944613286,0.9049230399467199,0.0005258447079883643,47,89333,17253,49487,89380,66740,0.7328185328185328,0.7490465507571509,0.5258447079883642,454.3298277019467,190.17021276595747,LSTM AE,75,0.0005,0.05,99.95,47420,23.71
0.21012593805789948,0.8901357929797592,0.9986324511302389,0.7440215762661073,0.852727022942712,0.882494944613286,0.9049230399467199,0.000760796598791676,68,89312,17084,49656,89380,66740,0.7348455598455599,0.7520190689848569,0.7607965987916759,657.328261356008,131.44117647058826,LSTM AE,75,0.001,0.1,99.9,47420,47.42
0.18405845761299133,0.8900333077120164,0.9966935192978237,0.7452352412346419,0.8528145950858181,0.882494944613286,0.9049230399467199,0.0018460505705974492,165,89215,17003,49737,89380,66740,0.7354890604890605,0.7537296690970274,1.8460505705974493,1594.987692996196,54.16969696969697,LSTM AE,75,0.002,0.2,99.8,47420,94.84
0.1666993647813797,0.8886817832436588,0.9908709401539411,0.7464788732394366,0.8514856561754929,0.882494944613286,0.9049230399467199,0.005135377041843813,459,88921,16920,49820,89380,66740,0.7364543114543115,0.7552159282108806,5.135377041843813,4436.965764153055,19.47276688453159,LSTM AE,75,0.005,0.5,99.5,47420,237.1
0.15836653113365173,0.8889700230591853,0.9822544119943777,0.7538957147138148,0.853056864806212,0.882494944613286,0.9049230399467199,0.010170060416200492,909,88471,16425,50315,89380,66740,0.7440797940797941,0.7624509254066181,10.170060416200492,8786.932199597226,9.832783278327833,LSTM AE,75,0.01,1.0,99.0,47420,474.2
0.1503891795873642,0.884351780681527,0.9682420605151287,0.754210368594546,0.8479284408769698,0.882494944613286,0.9049230399467199,0.018471693891250838,1651,87729,16404,50336,89380,66740,0.7443371943371944,0.762815479528884,18.471693891250837,15959.543522040723,5.413688673531194,LSTM AE,75,0.02,2.0,98.0,47420,948.4
0.13446518778800964,0.8671214450422752,0.9192722101693679,0.7555139346718609,0.8293870434489394,0.882494944613286,0.9049230399467199,0.04954128440366973,4428,84952,16317,50423,89380,66740,0.7459137709137709,0.7638810992708918,49.54128440366973,42803.66972477065,2.0185185185185186,LSTM AE,75,0.05,5.0,95.0,47420,2371.0
0.09950585663318634,0.8444657955418908,0.8483018867924528,0.7747078213964639,0.8098363223431749,0.882494944613286,0.9049230399467199,0.10344596106511524,9246,80134,15036,51704,89380,66740,0.7655405405405405,0.7826977005047673,103.44596106511524,89377.31036025957,0.9666882976422237,LSTM AE,75,0.1,10.0,90.0,47420,4742.0
474.6883586517966,0.7706453696184563,0.9993256262042389,0.46469156450191884,0.6343889834568379,0.8812662410283434,0.9025245336494201,0.00023483628556092325,21,89403,35848,31119,89424,66967,0.7326640579896081,0.2312442370560787,0.23483628556092326,202.8985507246377,425.8285714285714,Hybrid AE,75,0.0001,0.01,99.99,47447,4.7447
285.26503098087426,0.8549468959211208,0.9995262160454833,0.6615646512461362,0.7961650088506708,0.8812662410283434,0.9025245336494201,0.00023483628556092325,21,89403,22664,44303,89424,66967,0.7327282057861313,0.5995697001872083,0.23483628556092326,202.8985507246377,425.8285714285714,Hybrid AE,75,0.0002,0.02,99.98,47447,9.4894
190.84928234862736,0.8799547288526833,0.9994196770917532,0.7200710797855661,0.8370538814053604,0.8812662410283434,0.9025245336494201,0.00031311504741456434,28,89396,18746,48221,89424,66967,0.733145166463532,0.7086814384308028,0.31311504741456436,270.5314009661836,319.37142857142857,Hybrid AE,75,0.0005,0.05,99.95,47447,23.7235
152.55510117303274,0.8857606895537466,0.9991257852684653,0.7338539877850284,0.8461869586927699,0.8812662410283434,0.9025245336494201,0.00048085525138665236,43,89381,17823,49144,89424,66967,0.7349733786644429,0.7328788175137612,0.48085525138665236,415.45893719806764,207.96279069767442,Hybrid AE,75,0.001,0.1,99.9,47447,47.447
64.44307295130328,0.8901215543093912,0.9968660798051779,0.7457404393208595,0.8532085013326044,0.8812662410283434,0.9025245336494201,0.0017556808015745213,157,89267,17027,49940,89424,66967,0.7378600295079863,0.7526055491910922,1.7556808015745213,1516.9082125603863,56.957961783439494,Hybrid AE,75,0.002,0.2,99.8,47447,94.894
39.59573160260405,0.8922060732395086,0.9918916265828998,0.7544312870518315,0.8570168444979729,0.8812662410283434,0.9025245336494201,0.004618446949364824,413,89011,16445,50522,89424,66967,0.7452691000064148,0.7624130319371875,4.618446949364824,3990.3381642512077,21.652300242130753,Hybrid AE,75,0.005,0.5,99.5,47447,237.235
26.886630049431982,0.8894821313246926,0.9809490619736307,0.7565965326205445,0.8542885565428519,0.8812662410283434,0.9025245336494201,0.011003757380568975,984,88440,16300,50667,89424,66967,0.7464237603438322,0.7654586604822711,11.003757380568976,9507.246376811594,9.08780487804878,Hybrid AE,75,0.01,1.0,99.0,47447,474.47
17.34640271266773,0.879660594279722,0.9498962791306136,0.7590007018382188,0.843786314286663,0.8812662410283434,0.9025245336494201,0.029980765789944533,2681,86743,16139,50828,89424,66967,0.7491500416960677,0.7675822179999441,29.980765789944535,25903.381642512075,3.335471838866095,Hybrid AE,75,0.02,2.0,98.0,47447,948.94
11.455821623099904,0.8578946358805813,0.8874188241406182,0.7652127167112159,0.8217974212585798,0.8812662410283434,0.9025245336494201,0.07269860440150296,6501,82923,15723,51244,89424,66967,0.7558855603310026,0.7733381765346894,72.69860440150296,62811.59420289855,1.3755422242731887,Hybrid AE,75,0.05,5.0,95.0,47447,2372.35
8.068225277268107,0.8317806011854902,0.8186891567776019,0.7798617229381636,0.7988038972758837,0.8812662410283434,0.9025245336494201,0.12933887994274468,11566,77858,14742,52225,89424,66967,0.7717942138687536,0.7868898264829975,129.33887994274468,111748.7922705314,0.7731627183122947,Hybrid AE,75,0.1,10.0,90.0,47447,4744.7
0.10830951482057571,0.8893414582680589,0.9995372885106726,0.7419176609374767,0.8516721806057905,0.8939663158386658,0.9133273234943867,0.000257201646090535,23,89401,17283,49684,89424,66967,0.7326961318878696,0.749951102294001,0.257201646090535,222.22222222222223,388.8,Dense AE,76,0.0001,0.01,99.99,47447,4.7447
0.1048910990357399,0.8894054005665287,0.999497194344442,0.7420968536741978,0.851775675305087,0.8939663158386658,0.9133273234943867,0.0002795670066201467,25,89399,17271,49696,89424,66967,0.7328565013791776,0.7501466931179972,0.2795670066201467,241.54589371980674,357.696,Dense AE,76,0.0002,0.02,99.98,47447,9.4894
0.09417527914047241,0.8898593908856648,0.9988567073170732,0.743634924664387,0.8525547195329687,0.8939663158386658,0.9133273234943867,0.0006374127750939345,57,89367,17168,49799,89424,66967,0.7341073834113798,0.7519349520802481,0.6374127750939346,550.7246376811594,156.8842105263158,Dense AE,76,0.0005,0.05,99.95,47447,23.7235
0.0906711146235466,0.8904220831121995,0.9986590345048435,0.7450983320142757,0.8534434837639292,0.8939663158386658,0.9133273234943867,0.0007492395777419932,67,89357,17070,49897,89424,66967,0.7352299698505357,0.7536952694962139,0.7492395777419932,647.3429951690821,133.4686567164179,Dense AE,76,0.001,0.1,99.9,47447,47.447
0.08512118458747864,0.8928071308451253,0.9976802744017289,0.7514148759836935,0.8572109979217063,0.8939663158386658,0.9133273234943867,0.0013083735909822866,117,89307,16647,50320,89424,66967,0.7418371928924241,0.7597585850400961,1.3083735909822867,1130.4347826086955,76.43076923076924,Dense AE,76,0.002,0.2,99.8,47447,94.894
0.050682902336120605,0.8923275636066014,0.990892710251087,0.7554915107440978,0.8573268375344206,0.8939663158386658,0.9133273234943867,0.005199946323134729,465,88959,16374,50593,89424,66967,0.7452691000064148,0.7643968817234346,5.1999463231347285,4492.753623188405,19.230967741935487,Dense AE,76,0.005,0.5,99.5,47447,237.235
0.0374777689576149,0.8900320350915334,0.98172561317924,0.7572834381113086,0.85502090639331,0.8939663158386658,0.9133273234943867,0.01055645016997674,944,88480,16254,50713,89424,66967,0.7471293861055873,0.7661292575931152,10.55645016997674,9120.772946859903,9.472881355932204,Dense AE,76,0.01,1.0,99.0,47447,474.47
0.02459293231368065,0.8849678050527204,0.9637183055918499,0.7599713291621246,0.8498029655356666,0.8939663158386658,0.9133273234943867,0.021426015387368044,1916,87508,16074,50893,89424,66967,0.7502726281352236,0.7684204643884993,21.426015387368043,18512.07729468599,4.66722338204593,Dense AE,76,0.02,2.0,98.0,47447,948.94
0.017566338181495667,0.8696088649602599,0.9137131588765123,0.7680200695865128,0.8345557214253262,0.8939663158386658,0.9133273234943867,0.0543142780461621,4857,84567,15535,51432,89424,66967,0.758547693886715,0.7762720388946325,54.3142780461621,46927.536231884056,1.8411365040148242,Dense AE,76,0.05,5.0,95.0,47447,2372.35
0.009288150817155838,0.8436355033218024,0.8365660180185885,0.7889706870548181,0.8120715625096062,0.8939663158386658,0.9133273234943867,0.11542762569332618,10322,79102,14132,52835,89424,66967,0.781256013855924,0.7956914135628266,115.42762569332618,99729.46859903382,0.8663437318349158,Dense AE,76,0.1,10.0,90.0,47447,4744.7
0.1711968661974691,0.5718103982965772,0.5833333333333334,0.00010452909642062508,0.00020902073784320459,0.8744783548590518,0.8714990413219235,5.5913401324029345e-05,5,89419,66960,7,89424,66967,0.00012829559304637885,8.382463885551427e-05,0.055913401324029346,48.309178743961354,1788.48,Isolation Forest,76,0.0001,0.01,99.99,47447,4.7447
0.16808286451483442,0.5718231867562712,0.6,0.00017919273672107157,0.00035827847194231716,0.8744783548590518,0.8714990413219235,8.946144211844694e-05,8,89416,66955,12,89424,66967,0.00016036949130797358,0.00019559082399619996,0.08946144211844695,77.29468599033817,1117.8000000000002,Isolation Forest,76,0.0002,0.02,99.98,47447,9.4894
0.16259836658366333,0.5719638598129049,0.7407407407407407,0.000597309122403572,0.0011936557198490025,0.8744783548590518,0.8714990413219235,0.00015655752370728217,14,89410,66927,40,89424,66967,0.0006414779652318943,0.0005588309257034285,0.15655752370728218,135.2657004830918,638.7428571428571,Isolation Forest,76,0.0005,0.05,99.95,47447,23.7235
0.1502168789291322,0.5746814074978739,0.8908145580589255,0.007675422222885899,0.015219708634371668,0.8744783548590518,0.8714990413219235,0.0007045088566827697,63,89361,66453,514,89424,66967,0.011835268458528449,0.004051524211349856,0.7045088566827697,608.695652173913,141.94285714285715,Isolation Forest,76,0.001,0.1,99.9,47447,47.447
0.13989319505961462,0.5772007340575864,0.8901200369344414,0.014395149849926084,0.028332108743570904,0.8744783548590518,0.8714990413219235,0.0013307389515118983,119,89305,66003,964,89424,66967,0.021585733530053244,0.008130989968984884,1.3307389515118984,1149.7584541062802,75.14621848739496,Isolation Forest,76,0.002,0.2,99.8,47447,94.894
0.10170342737837934,0.5979947695199852,0.9186593092172491,0.0671226126301014,0.12510436960757026,0.8744783548590518,0.8714990413219235,0.004450706745392736,398,89026,62472,4495,89424,66967,0.0746680351529925,0.06054933079996647,4.450706745392736,3845.4106280193237,22.468341708542713,Isolation Forest,76,0.005,0.5,99.5,47447,237.235
0.07543767981260169,0.7017923026261101,0.9585024808299504,0.31732047127689755,0.47679414833346423,0.8744783548590518,0.8714990413219235,0.0102880658436214,920,88504,45717,21250,89424,66967,0.24507665661684522,0.38025650339489786,10.2880658436214,8888.888888888889,9.72,Isolation Forest,76,0.01,1.0,99.0,47447,474.47
0.050058333409161535,0.8817898728187683,0.9648130393096837,0.751340212343393,0.844799650763535,0.8744783548590518,0.8714990413219235,0.020520218285918768,1835,87589,16652,50315,89424,66967,0.7357110783244596,0.764955712649138,20.520218285918766,17729.468599033815,4.87324250681199,Isolation Forest,76,0.02,2.0,98.0,47447,948.94
0.010579489750944145,0.867709778695705,0.9154666570905304,0.7613600728717129,0.8313318821793398,0.8744783548590518,0.8714990413219235,0.05264805868670603,4708,84716,15981,50986,89424,66967,0.7520366925396113,0.7694822431473358,52.64805868670603,45487.92270531401,1.8994052676295667,Isolation Forest,76,0.05,5.0,95.0,47447,2372.35
-0.023469656574617012,0.8423374746628642,0.8479440789473685,0.7698567951379037,0.8070158961234122,0.8744783548590518,0.8714990413219235,0.10338387904813026,9245,80179,15412,51555,89424,66967,0.7603759060876258,0.7781161809494538,103.38387904813027,89323.67149758454,0.9672687939426717,Isolation Forest,76,0.1,10.0,90.0,47447,4744.7
0.7238579338489104,0.8891048717637204,0.9995771755325575,0.7413352845431331,0.8513028045235911,0.8349963530371897,0.8802811189959551,0.00023483628556092325,21,89403,17322,49645,89424,66967,0.7326319840913464,0.7489172650814496,0.23483628556092326,202.8985507246377,425.8285714285714,One-Class SVM,76,0.0001,0.01,99.99,47447,4.7447
0.7184307556687208,0.8891432371428023,0.9995772266065389,0.7414248809114937,0.8513618943920988,0.8349963530371897,0.8802811189959551,0.00023483628556092325,21,89403,17316,49651,89424,66967,0.7327602796843928,0.7489731481740199,0.23483628556092326,202.8985507246377,425.8285714285714,One-Class SVM,76,0.0002,0.02,99.98,47447,9.4894
0.6713445846317596,0.8893926121068348,0.9990755812785113,0.7423805755073395,0.8518093345212803,0.8349963530371897,0.8802811189959551,0.00051440329218107,46,89378,17252,49715,89424,66967,0.7336583488357175,0.7499790438402861,0.51440329218107,444.44444444444446,194.4,One-Class SVM,76,0.0005,0.05,99.95,47447,23.7235
0.6684559799013917,0.889744294748419,0.998956410050574,0.7432914719190049,0.852365255361959,0.8349963530371897,0.8802811189959551,0.0005814993737699052,52,89372,17191,49776,89424,66967,0.7346526396818269,0.7508172902288412,0.5814993737699052,502.4154589371981,171.96923076923076,One-Class SVM,76,0.001,0.1,99.9,47447,47.447
0.6640801558075731,0.8919758809650171,0.9976347120907952,0.7495034867920021,0.8559491123654905,0.8349963530371897,0.8802811189959551,0.0013307389515118983,119,89305,16775,50192,89424,66967,0.7410353454358842,0.7568806057727234,1.3307389515118984,1149.7584541062802,75.14621848739496,One-Class SVM,76,0.002,0.2,99.8,47447,94.894
0.17881770260913882,0.8925641501109399,0.9916112973089513,0.7554915107440978,0.857595687697054,0.8349963530371897,0.8802811189959551,0.004786187153336912,428,88996,16374,50593,89424,66967,0.7453653217011995,0.7643130570845791,4.786187153336912,4135.265700483092,20.893457943925235,One-Class SVM,76,0.005,0.5,99.5,47447,237.235
0.07043991036995105,0.8863425644698224,0.9707548614301026,0.7573879672077292,0.8508996351130311,0.8349963530371897,0.8802811189959551,0.017087135444623366,1528,87896,16247,50720,89424,66967,0.7472256078003721,0.7662410237782559,17.087135444623367,14763.285024154588,5.852356020942409,One-Class SVM,76,0.01,1.0,99.0,47447,474.47
0.03184586949928452,0.8524019924420203,0.8798296634815123,0.7589708363820986,0.8149436806028781,0.8349963530371897,0.8802811189959551,0.07763016639828234,6942,82482,16141,50826,89424,66967,0.7489575983064982,0.7676939841850848,77.63016639828234,67072.46376811594,1.2881590319792569,One-Class SVM,76,0.02,2.0,98.0,47447,948.94
0.008198365646440206,0.8127833443100946,0.7933557506694066,0.7610016873982708,0.7768419929422345,0.8349963530371897,0.8802811189959551,0.1484388978350331,13274,76150,16005,50962,89424,66967,0.7514914362691641,0.7692866523233396,148.43889783503312,128251.2077294686,0.6736778665059515,One-Class SVM,76,0.05,5.0,95.0,47447,2372.35
-0.0032215743483717555,0.7808121950751642,0.7356333439058851,0.7619424492660564,0.7485568000938905,0.8349963530371897,0.8802811189959551,0.20505680801574522,18337,71087,15942,51025,89424,66967,0.7526781705048432,0.7700131325267541,205.05680801574522,177169.08212560386,0.48766973877951686,One-Class SVM,76,0.1,10.0,90.0,47447,4744.7
0.23738813400268555,0.8883615167819626,0.999311448186476,0.7393617021276596,0.8499039778158614,0.8825521194419412,0.9049132802354125,0.000380398299395838,34,89346,17395,49345,89380,66740,0.7318211068211068,0.7459338194054963,0.38039829939583797,328.664130678004,262.8823529411765,LSTM AE,76,0.0001,0.01,99.99,47420,4.742
0.23559534549713135,0.8883871380988982,0.9992306290619749,0.7394815702727,0.8499539313361635,0.8825521194419412,0.9049132802354125,0.0004251510405012307,38,89342,17387,49353,89380,66740,0.7318854568854569,0.7461020751542344,0.4251510405012307,367.3304989930633,235.21052631578948,LSTM AE,76,0.0002,0.02,99.98,47420,9.484
0.2320515364408493,0.8887522418652318,0.9990498524238871,0.7404704824692838,0.8505412801404403,0.8825521194419412,0.9049132802354125,0.0005258447079883643,47,89333,17321,49419,89380,66740,0.7326576576576577,0.747279865395401,0.5258447079883642,454.3298277019467,190.17021276595747,LSTM AE,76,0.0005,0.05,99.95,47420,23.71
0.2101612538099289,0.8898539584934666,0.9986312399355878,0.7433623014683848,0.8522934203745061,0.8825521194419412,0.9049132802354125,0.000760796598791676,68,89312,17128,49612,89380,66740,0.7348455598455599,0.7507851934941111,0.7607965987916759,657.328261356008,131.44117647058826,LSTM AE,76,0.001,0.1,99.9,47420,47.42
0.18412640690803528,0.8898859851396361,0.9967119113018025,0.7448756367995205,0.8525858151041443,0.8825521194419412,0.9049132802354125,0.001834862385321101,164,89216,17027,49713,89380,66740,0.7354890604890605,0.7530566461020751,1.834862385321101,1585.3211009174313,54.5,LSTM AE,76,0.002,0.2,99.8,47420,94.84
0.16711415350437164,0.8887650525236998,0.9910099844862564,0.746568774348217,0.8515954810371054,0.8825521194419412,0.9049132802354125,0.0050570597449093755,452,88928,16914,49826,89380,66740,0.736936936936937,0.7549635445877734,5.057059744909376,4369.2996196017,19.774336283185843,LSTM AE,76,0.005,0.5,99.5,47420,237.1
0.15835827589035034,0.8889379964130156,0.9823656921905208,0.7537308960143841,0.8529932935979719,0.8825521194419412,0.9049132802354125,0.010102931304542402,903,88477,16436,50304,89380,66740,0.7441119691119691,0.7621144139091419,10.102931304542402,8728.932647124635,9.898117386489481,LSTM AE,76,0.01,1.0,99.0,47420,474.2
0.15033000707626343,0.8842492954137843,0.9680881758901264,0.7540905004495055,0.8477936779334102,0.8825521194419412,0.9049132802354125,0.018561199373461623,1659,87721,16412,50328,89380,66740,0.7443371943371944,0.7625911385305665,18.561199373461623,16036.876258670842,5.387582881253768,LSTM AE,76,0.02,2.0,98.0,47420,948.4
0.13436436653137207,0.8669997437868306,0.9190455357468373,0.7554240335630806,0.8292406125100742,0.8825521194419412,0.9049132802354125,0.04968673081226225,4441,84939,16323,50417,89380,66740,0.745945945945946,0.763684800897364,49.68673081226225,42929.33542179458,2.012609772573745,LSTM AE,76,0.05,5.0,95.0,47420,2371.0
0.09946706891059875,0.8444337688957212,0.8482894412995323,0.7746329038058136,0.8097897168813878,0.8825521194419412,0.9049132802354125,0.10344596106511524,9246,80134,15041,51699,89380,66740,0.7655405405405405,0.7825574873808189,103.44596106511524,89377.31036025957,0.9666882976422237,LSTM AE,76,0.1,10.0,90.0,47420,4742.0
1005.2280049482612,0.75517133338875,0.9992688022284123,0.42855436259650276,0.5998515994858236,0.8782551892706183,0.9016055787742652,0.00023483628556092325,21,89403,38268,28699,89424,66967,0.7327602796843928,0.16354187040710833,0.23483628556092326,202.8985507246377,425.8285714285714,Hybrid AE,76,0.0001,0.01,99.99,47447,4.7447
873.5087204714696,0.7775319551636604,0.99931717309662,0.4807890453506951,0.6492246889682012,0.8782551892706183,0.9016055787742652,0.0002460189658257291,22,89402,34770,32197,89424,66967,0.7327923535826545,0.2612534577663528,0.2460189658257291,212.56038647342993,406.4727272727273,Hybrid AE,76,0.0002,0.02,99.98,47447,9.4894
544.2959539525036,0.8361094947918998,0.9992994153742089,0.6176922962055938,0.7634665608475374,0.8782551892706183,0.9016055787742652,0.0003242977276793702,29,89395,25602,41365,89424,66967,0.7333696837513631,0.5169186062756713,0.3242977276793702,280.19323671497585,308.3586206896552,Hybrid AE,76,0.0005,0.05,99.95,47447,23.7235
382.1525318199706,0.8623194429346958,0.9988581216100485,0.6792450012692819,0.8086146516630224,0.8782551892706183,0.9016055787742652,0.0005814993737699052,52,89372,21480,45487,89424,66967,0.7350375264609661,0.630640699656319,0.5814993737699052,502.4154589371981,171.96923076923076,Hybrid AE,76,0.001,0.1,99.9,47447,47.447
245.1484175994555,0.8817515074396864,0.9964767094104634,0.7264174892111039,0.8402815563328583,0.8782551892706183,0.9016055787742652,0.0019234210055466094,172,89252,18321,48646,89424,66967,0.7357110783244596,0.7183212718991869,1.9234210055466094,1661.8357487922706,51.990697674418605,Hybrid AE,76,0.002,0.2,99.8,47447,94.894
137.03714313510497,0.8879539103912629,0.9911200286066193,0.7450087356459152,0.8506201781680235,0.8782551892706183,0.9016055787742652,0.004998658078368223,447,88977,17076,49891,89424,66967,0.7388543203540958,0.7503702254882785,4.998658078368223,4318.840579710145,20.00536912751678,Hybrid AE,76,0.005,0.5,99.5,47447,237.235
94.69953484067221,0.8878643911734051,0.9829412224480225,0.7511610196066719,0.8515612435776982,0.8782551892706183,0.9016055787742652,0.009762479871175523,873,88551,16664,50303,89424,66967,0.7427352620437488,0.7585012154572635,9.762479871175524,8434.782608695652,10.243298969072166,Hybrid AE,76,0.01,1.0,99.0,47447,474.47
38.69905211453569,0.8843091993784808,0.9633836468446602,0.7586572490928367,0.848850905992331,0.8782551892706183,0.9016055787742652,0.021593755591340132,1931,87493,16162,50805,89424,66967,0.7487651549169286,0.7672748609908072,21.593755591340134,18657.004830917875,4.630968410150182,Hybrid AE,76,0.02,2.0,98.0,47447,948.94
18.136186503330165,0.8646149714497637,0.9038698980491763,0.7652127167112159,0.8287819118396261,0.8782551892706183,0.9016055787742652,0.06094560744319198,5450,83974,15723,51244,89424,66967,0.7554044518570787,0.773757299728967,60.94560744319198,52657.004830917875,1.6408073394495415,Hybrid AE,76,0.05,5.0,95.0,47447,2372.35
12.830706316404708,0.8393130039452398,0.8405535205535205,0.7709916824704706,0.80427129416163,0.8782551892706183,0.9016055787742652,0.10952317051350868,9794,79630,15336,51631,89424,66967,0.7613060491372121,0.7794294336248568,109.52317051350869,94628.0193236715,0.9130488053910557,Hybrid AE,76,0.1,10.0,90.0,47447,4744.7
